<?xml version="1.0" encoding="UTF-8" standalone="yes"?>
<ns2:iceVaccineSpecificationFile xmlns:ns2="org.cdsframework.util.support.data.ice.vaccine">
    <vaccine code="137" codeSystem="2.16.840.1.113883.12.292" codeSystemName="CVX" displayName="HPV NOS"/>
    <cdsVersion>gov.nyc.cir^ICE^1.0.0</cdsVersion>
    <ns2:liveVirusVaccine>false</ns2:liveVirusVaccine>
	<ns2:unspecifiedFormulation>true</ns2:unspecifiedFormulation>
    <ns2:vaccineActive>true</ns2:vaccineActive>
    <ns2:manufacturerCode/>
    <vaccineComponent code="137" codeSystem="2.16.840.1.113883.12.292" codeSystemName="CVX" displayName="HPV NOS"/>
    <diseaseImmunity code="795.0" codeSystem="2.16.840.1.113883.6.103" codeSystemName="ICD9CM Diagnosis" displayName="Human Papillomavirus"/>
    <openCdsMembership code="ICE137" displayName="HPV NOS"/>
    <primaryOpenCdsConcept code="ICE137"/>
</ns2:iceVaccineSpecificationFile>
