<?xml version="1.0" encoding="UTF-8" standalone="yes"?>
<!--  The below items must be added to the BaseDataEvaluationReason Enum class -->
<ns2:cdsListSpecificationFile xmlns:ns2="org.cdsframework.util.support.data.cds.list">
    <listId>1f305bc0X568822e2608f22be9d1bac9c</listId>
    <code>EVALUATION_REASON_CONCEPT</code>
    <name>ICE Evaluation Reasons: All</name>
    <listType>CODE_SYSTEM</listType>
    <description>evaluation_interpretation</description>
    <codeSystem>2.16.840.1.113883.3.795.12.100.3</codeSystem>
    <codeSystemName>ICE Evaluation Reason</codeSystemName>
    <cdsListItem>
        <cdsListItemKey>INVALID_AGE</cdsListItemKey>
        <cdsListItemValue>Invalid Age</cdsListItemValue>
    </cdsListItem>
    <cdsListItem>
        <cdsListItemKey>BELOW_MINIMUM_AGE_VACCINE</cdsListItemKey>
        <cdsListItemValue>This immunization event occurred prior to the specified minimum age for this vaccine.</cdsListItemValue>
    </cdsListItem>
    <cdsListItem>
        <cdsListItemKey>ABOVE_MAXIMUM_AGE_VACCINE</cdsListItemKey>
        <cdsListItemValue>This immunization event occurred after the specified maximum age for this vaccine.</cdsListItemValue>
    </cdsListItem>
    <cdsListItem>
        <cdsListItemKey>BELOW_MINIMUM_AGE_SERIES</cdsListItemKey>
        <cdsListItemValue>This patient was below the minimum age for this dose.</cdsListItemValue>
    </cdsListItem>
    <cdsListItem>
        <cdsListItemKey>EXTRA_DOSE</cdsListItemKey>
        <cdsListItemValue>The vaccine administered is an extra dose.</cdsListItemValue>
    </cdsListItem>
    <cdsListItem>
        <cdsListItemKey>BELOW_MINIMUM_INTERVAL</cdsListItemKey>
        <cdsListItemValue>This immunization event occurred prior to the specified minimum interval for this dose.</cdsListItemValue>
    </cdsListItem>
    <cdsListItem>
        <cdsListItemKey>TOO_EARLY_LIVE_VIRUS</cdsListItemKey>
        <cdsListItemValue>This immunization event occurred prior to the specified minimum interval for a live vaccine dose.</cdsListItemValue>
    </cdsListItem>
    <cdsListItem>
        <cdsListItemKey>VACCINE_NOT_ALLOWED</cdsListItemKey>
        <cdsListItemValue>The vaccine administered is not allowed.</cdsListItemValue>
    </cdsListItem>
    <cdsListItem>
        <cdsListItemKey>VACCINE_NOT_ALLOWED_FOR_THIS_DOSE</cdsListItemKey>
        <cdsListItemValue>The vaccine administered is not allowed for this dose.</cdsListItemValue>
    </cdsListItem>
    <cdsListItem>
        <cdsListItemKey>OUTSIDE_SEASON</cdsListItemKey>
        <cdsListItemValue>This immunization was administered outside of the vaccine season.</cdsListItemValue>
    </cdsListItem>
    <cdsListItem>
        <cdsListItemKey>OUTSIDE_FLU_VAC_SEASON</cdsListItemKey>
        <cdsListItemValue>This immunization was administered outside of influenza vaccine season.</cdsListItemValue>
    </cdsListItem>
    <cdsListItem>
        <cdsListItemKey>DUPLICATE_SAME_DAY</cdsListItemKey>
        <cdsListItemValue>This immunization event is a duplicate.</cdsListItemValue>
    </cdsListItem>
    <cdsListItem>
        <cdsListItemKey>INSUFFICIENT_ANTIGEN</cdsListItemKey>
        <cdsListItemValue>This vaccine contained insufficient antigen for the patient's age.</cdsListItemValue>
    </cdsListItem>
    <cdsListItem>
        <cdsListItemKey>PRIOR_TO_DOB</cdsListItemKey>
        <cdsListItemValue>This immunization event was recorded prior to the date of birth.</cdsListItemValue>
    </cdsListItem>
    <cdsListItem>
        <cdsListItemKey>BELOW_MINIMUM_AGE_FINAL_DOSE</cdsListItemKey>
        <cdsListItemValue>This patient was below the minimum age for the final dose.</cdsListItemValue>
    </cdsListItem>
    <cdsListItem>
        <cdsListItemKey>ABOVE_REC_AGE_SERIES</cdsListItemKey>
        <cdsListItemValue>The vaccine is administered above the recommended age for this series.</cdsListItemValue>
    </cdsListItem>
    <cdsListItem>
        <cdsListItemKey>BELOW_REC_AGE_SERIES</cdsListItemKey>
        <cdsListItemValue>The vaccine is administered below the recommended age for this series.</cdsListItemValue>
    </cdsListItem>
    <cdsListItem>
        <cdsListItemKey>VACCINE_NOT_PART_OF_THIS_SERIES</cdsListItemKey>
        <cdsListItemValue>The vaccine is not a part of this series, therefore it will not be counted towards completion of this series.</cdsListItemValue>
    </cdsListItem>
    <cdsListItem>
        <cdsListItemKey>BOOSTER_ONLY</cdsListItemKey>
        <cdsListItemValue>The vaccine administered is invalid as a primary shot; valid only as a booster dose.</cdsListItemValue>
    </cdsListItem>
    <cdsListItem>
        <cdsListItemKey>BELOW_MIN_INTERVAL_PCV_PPSV</cdsListItemKey>
        <cdsListItemValue>This immunization event occurred prior to the specified minimum interval between PCV and PPSV doses.</cdsListItemValue>
    </cdsListItem>
	<cdsListItem>
        <cdsListItemKey>SELECT_ADJUVANT_PRODUCT_INTERVAL</cdsListItemKey>
        <cdsListItemValue>This immunization event occurred prior to the specified minimum interval between adjuvant products.</cdsListItemValue>
    </cdsListItem>
    <cdsListItem>
    	<cdsListItemKey>VACCINE_NOT_SUPPORTED</cdsListItemKey>
    	<cdsListItemValue>The vaccine administered is not supported by the ICE service.</cdsListItemValue>
    </cdsListItem>
	<cdsListItem>
    	<cdsListItemKey>UNSPECIFIED_REASON</cdsListItemKey>
    	<cdsListItemValue>Evaluation reason is unspecified.</cdsListItemValue>
    </cdsListItem>
	<cdsListItem>
    	<cdsListItemKey>VACCINE_NOT_ALLOWED_IN_US</cdsListItemKey>
    	<cdsListItemValue>Vaccine is not allowed in the U.S.</cdsListItemValue>
    </cdsListItem>
    <cdsListItem>
    	<cdsListItemKey>VACCINE_NOT_APPROVED_IN_US</cdsListItemKey>
    	<cdsListItemValue>Vaccine Not Approved for Use in the U.S.</cdsListItemValue>
    </cdsListItem>
	<cdsListItem>
    	<cdsListItemKey>VACCINE_NOT_APPROVED_IN_US_OR_BY_WHO</cdsListItemKey>
    	<cdsListItemValue>Vaccine Not Approved for Use in the U.S. or by the WHO</cdsListItemValue>
    </cdsListItem>
    <cdsListItem>
    	<cdsListItemKey>VACCINE_NOT_YET_AVAILABLE_ON_DATE_SPECIFIED</cdsListItemKey>
    	<cdsListItemValue>Vaccine was Not Yet Available on the date that was specified for when it was administered.</cdsListItemValue>
    </cdsListItem>
	<cdsListItem>
    	<cdsListItemKey>SUPPLEMENTAL_TEXT</cdsListItemKey>
    	<cdsListItemValue>Supplemental text is available for this immunization event.</cdsListItemValue>
    </cdsListItem>
	<cdsVersion>org.cdsframework^ICE^1.0.0</cdsVersion>
</ns2:cdsListSpecificationFile>
