<?xml version="1.0" encoding="UTF-8" standalone="yes"?>
<ns2:iceSeriesSpecificationFile xmlns:ns2="org.cdsframework.util.support.data.ice.series">
    <ns2:seriesId>e4ce9fdf5eefebfb26e35a5a91e8861d</ns2:seriesId>
    <ns2:name>MenB 4C 2-dose Series</ns2:name>
    <ns2:code>MenB4C2DoseSeries</ns2:code>
    <ns2:cdsVersion>gov.nyc.cir^ICE^1.0.0</ns2:cdsVersion>
    <ns2:doseInterval>
        <ns2:fromDoseNumber>1</ns2:fromDoseNumber>
        <ns2:toDoseNumber>2</ns2:toDoseNumber>
        <ns2:absoluteMinimumInterval>1m-4d</ns2:absoluteMinimumInterval>
        <ns2:minimumInterval>1m</ns2:minimumInterval>
        <ns2:earliestRecommendedInterval>1m</ns2:earliestRecommendedInterval>
    </ns2:doseInterval>
    <ns2:numberOfDosesInSeries>2</ns2:numberOfDosesInSeries>
    <ns2:vaccineGroup code="835" codeSystem="2.16.840.1.113883.3.795.12.100.1" codeSystemName="ICE Vaccine Group" displayName="Meningococcal B"/>
    <ns2:iceSeriesDose>
        <ns2:doseNumber>1</ns2:doseNumber>
        <ns2:absoluteMinimumAge>10y-4d</ns2:absoluteMinimumAge>
        <ns2:minimumAge>10y</ns2:minimumAge>
        <ns2:earliestRecommendedAge>10y</ns2:earliestRecommendedAge>
        <ns2:doseVaccine>
            <ns2:preferred>true</ns2:preferred>
            <ns2:vaccine code="163" codeSystem="2.16.840.1.113883.12.292" codeSystemName="CVX" displayName="Meningococcal B 4C, OMV"/>
        </ns2:doseVaccine>
    </ns2:iceSeriesDose>
    <ns2:iceSeriesDose>
        <ns2:doseNumber>2</ns2:doseNumber>
        <ns2:earliestRecommendedAge>10y1m</ns2:earliestRecommendedAge>
        <ns2:doseVaccine>
            <ns2:preferred>true</ns2:preferred>
            <ns2:vaccine code="163" codeSystem="2.16.840.1.113883.12.292" codeSystemName="CVX" displayName="Meningococcal B 4C, OMV"/>
        </ns2:doseVaccine>
    </ns2:iceSeriesDose>
</ns2:iceSeriesSpecificationFile>
