<?xml version="1.0" encoding="UTF-8" standalone="yes"?>
<ns2:iceSeriesSpecificationFile xmlns:ns2="org.cdsframework.util.support.data.ice.series">
  <ns2:seriesId>832e246cdea5b464785e27371929096a</ns2:seriesId>
  <ns2:name>COVID-19 Other Brands Series</ns2:name>
  <ns2:code>COVID19OtherBrandsSeries</ns2:code>
  <ns2:cdsVersion>gov.nyc.cir^ICE^1.0.0</ns2:cdsVersion>
  <ns2:recurringDosesAfterSeriesComplete>true</ns2:recurringDosesAfterSeriesComplete>
  <ns2:doseInterval>
    <ns2:fromDoseNumber>1</ns2:fromDoseNumber>
    <ns2:toDoseNumber>2</ns2:toDoseNumber>
    <ns2:absoluteMinimumInterval>0d</ns2:absoluteMinimumInterval>
    <ns2:minimumInterval>8w</ns2:minimumInterval>
    <ns2:earliestRecommendedInterval>8w</ns2:earliestRecommendedInterval>
  </ns2:doseInterval>
  <ns2:numberOfDosesInSeries>2</ns2:numberOfDosesInSeries>
  <ns2:vaccineGroup code="850" codeSystem="2.16.840.1.113883.3.795.12.100.1" codeSystemName="ICE Vaccine Group" displayName="COVID-19"/>
  <ns2:iceSeriesDose>
    <ns2:doseNumber>1</ns2:doseNumber>
    <ns2:absoluteMinimumAge>0d</ns2:absoluteMinimumAge>
    <ns2:earliestRecommendedAge>18y</ns2:earliestRecommendedAge>
    <ns2:doseVaccine>
      <ns2:preferred>true</ns2:preferred>
      <ns2:vaccine code="210" codeSystem="2.16.840.1.113883.12.292" codeSystemName="CVX" displayName="COVID-19, vector-nr,rS-ChadOx1, PF, AstraZeneca"/>
    </ns2:doseVaccine>
    <ns2:doseVaccine>
      <ns2:preferred>true</ns2:preferred>
      <ns2:vaccine code="212" codeSystem="2.16.840.1.113883.12.292" codeSystemName="CVX" displayName="COVID-19, vector-nr, rS-Ad26, PF, Janssen"/>
    </ns2:doseVaccine>
    <ns2:doseVaccine>
      <ns2:preferred>true</ns2:preferred>
      <ns2:vaccine code="502" codeSystem="2.16.840.1.113883.12.292" codeSystemName="CVX" displayName="COVID-19 IV Non-US (COVAXIN)"/>
    </ns2:doseVaccine>
    <ns2:doseVaccine>
      <ns2:preferred>true</ns2:preferred>
      <ns2:vaccine code="510" codeSystem="2.16.840.1.113883.12.292" codeSystemName="CVX" displayName="COVID-19 IV Non-US (BIBP, Sinopharm)"/>
    </ns2:doseVaccine>
    <ns2:doseVaccine>
      <ns2:preferred>true</ns2:preferred>
      <ns2:vaccine code="511" codeSystem="2.16.840.1.113883.12.292" codeSystemName="CVX" displayName="COVID-19 IV Non-US (CoronaVac, Sinovac)"/>
    </ns2:doseVaccine>
    <ns2:doseVaccine>
      <ns2:preferred>true</ns2:preferred>
      <ns2:vaccine code="512" codeSystem="2.16.840.1.113883.12.292" codeSystemName="CVX" displayName="COVID-19 VLP Non-US Vaccine (Medicago, Covifenz)"/>
    </ns2:doseVaccine>
  </ns2:iceSeriesDose>
  <ns2:iceSeriesDose>
    <ns2:doseNumber>2</ns2:doseNumber>
    <ns2:absoluteMinimumAge>0d</ns2:absoluteMinimumAge>
    <ns2:minimumAge>18y</ns2:minimumAge>
    <ns2:earliestRecommendedAge>18y</ns2:earliestRecommendedAge>
    <ns2:doseVaccine>
      <ns2:preferred>true</ns2:preferred>
      <ns2:vaccine code="207" codeSystem="2.16.840.1.113883.12.292" codeSystemName="CVX" displayName="COVID-19, mRNA LNP-S, PF, Moderna"/>
    </ns2:doseVaccine>
    <ns2:doseVaccine>
      <ns2:preferred>true</ns2:preferred>
      <ns2:vaccine code="208" codeSystem="2.16.840.1.113883.12.292" codeSystemName="CVX" displayName="COVID-19, mRNA LNP-S, PF, Pfizer"/>
    </ns2:doseVaccine>
    <ns2:doseVaccine>
      <ns2:preferred>true</ns2:preferred>
      <ns2:vaccine code="210" codeSystem="2.16.840.1.113883.12.292" codeSystemName="CVX" displayName="COVID-19, vector-nr,rS-ChadOx1, PF, AstraZeneca"/>
    </ns2:doseVaccine>
    <ns2:doseVaccine>
      <ns2:preferred>false</ns2:preferred>
      <ns2:vaccine code="211" codeSystem="2.16.840.1.113883.12.292" codeSystemName="CVX" displayName="COVID-19, Subunit, rS-nanoparticle+Matrix-M1 Adjuvant, PF"/>
    </ns2:doseVaccine>
    <ns2:doseVaccine>
      <ns2:preferred>false</ns2:preferred>
      <ns2:vaccine code="213" codeSystem="2.16.840.1.113883.12.292" codeSystemName="CVX" displayName="COVID-19 (NOS)"/>
    </ns2:doseVaccine>
    <ns2:doseVaccine>
      <ns2:preferred>true</ns2:preferred>
      <ns2:vaccine code="217" codeSystem="2.16.840.1.113883.12.292" codeSystemName="CVX" displayName="COVID-19, mRNA LNP-S, PF, tris-sucrose, Pfizer"/>
    </ns2:doseVaccine>
    <ns2:doseVaccine>
      <ns2:preferred>false</ns2:preferred>
      <ns2:vaccine code="218" codeSystem="2.16.840.1.113883.12.292" codeSystemName="CVX" displayName="COVID-19, mRNA, LNP-S, PF, tris-sucrose, Pfizer (5 through 11 yrs)"/>
    </ns2:doseVaccine>
    <ns2:doseVaccine>
      <ns2:preferred>false</ns2:preferred>
      <ns2:vaccine code="219" codeSystem="2.16.840.1.113883.12.292" codeSystemName="CVX" displayName="COVID-19, mRNA, LNP-S, PF, 3 mcg/0.2 mL dose, tris-sucrose, Pfizer"/>
    </ns2:doseVaccine>
    <ns2:doseVaccine>
      <ns2:preferred>true</ns2:preferred>
      <ns2:vaccine code="221" codeSystem="2.16.840.1.113883.12.292" codeSystemName="CVX" displayName="COVID-19, mRNA, LNP-S, PF, 50 mcg/0.5 mL dose"/>
    </ns2:doseVaccine>
    <ns2:doseVaccine>
      <ns2:preferred>false</ns2:preferred>
      <ns2:vaccine code="227" codeSystem="2.16.840.1.113883.12.292" codeSystemName="CVX" displayName="COVID-19, mRNA, LNP-S, PF, pediatric 50 mcg/0.5 mL dose, Moderna"/>
    </ns2:doseVaccine>
    <ns2:doseVaccine>
      <ns2:preferred>false</ns2:preferred>
      <ns2:vaccine code="228" codeSystem="2.16.840.1.113883.12.292" codeSystemName="CVX" displayName="COVID-19, mRNA, LNP-S, PF, pediatric 25 mcg/0.25 mL dose, Moderna"/>
    </ns2:doseVaccine>
    <ns2:doseVaccine>
      <ns2:preferred>true</ns2:preferred>
      <ns2:vaccine code="229" codeSystem="2.16.840.1.113883.12.292" codeSystemName="CVX"
        displayName="COVID-19, mRNA, LNP-S, bivalent booster, PF, 50 mcg/0.5 mL or 25mcg/0.25 mL dose, Moderna"/>
    </ns2:doseVaccine>
    <ns2:doseVaccine>
      <ns2:preferred>false</ns2:preferred>
      <ns2:vaccine code="300" codeSystem="2.16.840.1.113883.12.292" codeSystemName="CVX" displayName="COVID-19, mRNA, LNP-S, bivalent booster, PF, 30 mcg/0.3 mL dose, Pfizer"/>
    </ns2:doseVaccine>
    <ns2:doseVaccine>
      <ns2:preferred>false</ns2:preferred>
      <ns2:vaccine code="301" codeSystem="2.16.840.1.113883.12.292" codeSystemName="CVX" displayName="COVID-19, mRNA, LNP-S, bivalent booster, PF, 10 mcg/0.2 mL dose, Pfizer"/>
    </ns2:doseVaccine>
    <ns2:doseVaccine>
      <ns2:preferred>false</ns2:preferred>
      <ns2:vaccine code="302" codeSystem="2.16.840.1.113883.12.292" codeSystemName="CVX" displayName="COVID-19, mRNA, LNP-S, bivalent, PF, 3 mcg/0.2 mL dose, Pfizer"/>
    </ns2:doseVaccine>
    <ns2:doseVaccine>
      <ns2:preferred>false</ns2:preferred>
      <ns2:vaccine code="502" codeSystem="2.16.840.1.113883.12.292" codeSystemName="CVX" displayName="COVID-19 IV Non-US (COVAXIN)"/>
    </ns2:doseVaccine>
    <ns2:doseVaccine>
      <ns2:preferred>false</ns2:preferred>
      <ns2:vaccine code="510" codeSystem="2.16.840.1.113883.12.292" codeSystemName="CVX" displayName="COVID-19 IV Non-US (BIBP, Sinopharm)"/>
    </ns2:doseVaccine>
    <ns2:doseVaccine>
      <ns2:preferred>false</ns2:preferred>
      <ns2:vaccine code="511" codeSystem="2.16.840.1.113883.12.292" codeSystemName="CVX" displayName="COVID-19 IV Non-US (CoronaVac, Sinovac)"/>
    </ns2:doseVaccine>
    <ns2:doseVaccine>
      <ns2:preferred>false</ns2:preferred>
      <ns2:vaccine code="512" codeSystem="2.16.840.1.113883.12.292" codeSystemName="CVX" displayName="COVID-19 VLP Non-US Vaccine (Medicago, Covifenz)"/>
    </ns2:doseVaccine>
    <ns2:doseVaccine>
      <ns2:preferred>false</ns2:preferred>
      <ns2:vaccine code="519" codeSystem="2.16.840.1.113883.12.292" codeSystemName="CVX"
        displayName="COVID-19 mRNA, bivalent, original/Omicron BA.1, Non-US Vaccine (Spikevax Bivalent), Moderna"/>
    </ns2:doseVaccine>
    <ns2:doseVaccine>
      <ns2:preferred>false</ns2:preferred>
      <ns2:vaccine code="520" codeSystem="2.16.840.1.113883.12.292" codeSystemName="CVX"
        displayName="COVID-19 mRNA, bivalent, original/Omicron BA.1, Non-US Vaccine Product, Pfizer-BioNTech"/>
    </ns2:doseVaccine>
  </ns2:iceSeriesDose>
  <ns2:seasonCode>COVID19Dec2020Season</ns2:seasonCode>
</ns2:iceSeriesSpecificationFile>
