<?xml version="1.0" encoding="UTF-8" standalone="yes"?>
<ns2:iceSeriesSpecificationFile xmlns:ns2="org.cdsframework.util.support.data.ice.series">
    <ns2:seriesId>4bd268a88de2a777eb2e891e642b7948</ns2:seriesId>
    <ns2:name>HPV 3-Dose Series</ns2:name>
    <ns2:code>HPV3DoseSeries</ns2:code>
    <ns2:cdsVersion>gov.nyc.cir^ICE^1.0.0</ns2:cdsVersion>
    <ns2:doseInterval>
        <ns2:fromDoseNumber>1</ns2:fromDoseNumber>
        <ns2:toDoseNumber>2</ns2:toDoseNumber>
        <ns2:absoluteMinimumInterval>24d</ns2:absoluteMinimumInterval>
        <ns2:minimumInterval>28d</ns2:minimumInterval>
        <ns2:earliestRecommendedInterval>4w</ns2:earliestRecommendedInterval>
        <ns2:latestRecommendedInterval>13m+4w</ns2:latestRecommendedInterval>
    </ns2:doseInterval>
    <ns2:doseInterval>
        <ns2:fromDoseNumber>2</ns2:fromDoseNumber>
        <ns2:toDoseNumber>3</ns2:toDoseNumber>
        <ns2:absoluteMinimumInterval>80d</ns2:absoluteMinimumInterval>
        <ns2:minimumInterval>84d</ns2:minimumInterval>
        <ns2:earliestRecommendedInterval>4m</ns2:earliestRecommendedInterval>
    </ns2:doseInterval>
    <ns2:doseInterval>
        <ns2:fromDoseNumber>1</ns2:fromDoseNumber>
        <ns2:toDoseNumber>3</ns2:toDoseNumber>
        <ns2:absoluteMinimumInterval>112d</ns2:absoluteMinimumInterval>
        <ns2:minimumInterval>5m</ns2:minimumInterval>
        <ns2:earliestRecommendedInterval>6m</ns2:earliestRecommendedInterval>
        <ns2:latestRecommendedInterval>13m+4w</ns2:latestRecommendedInterval>
    </ns2:doseInterval>
    <ns2:numberOfDosesInSeries>3</ns2:numberOfDosesInSeries>
    <ns2:vaccineGroup code="840" codeSystem="2.16.840.1.113883.3.795.12.100.1" codeSystemName="ICE Vaccine Group" displayName="Human Papillomavirus"/>
    <ns2:iceSeriesDose>
        <ns2:doseNumber>1</ns2:doseNumber>
        <ns2:absoluteMinimumAge>9y-4d</ns2:absoluteMinimumAge>
        <ns2:minimumAge>9y</ns2:minimumAge>
        <ns2:earliestRecommendedAge>11y</ns2:earliestRecommendedAge>
        <ns2:latestRecommendedAge>13y+4w</ns2:latestRecommendedAge>
        <ns2:doseVaccine>
            <ns2:preferred>true</ns2:preferred>
            <ns2:vaccine code="118" codeSystem="2.16.840.1.113883.12.292" codeSystemName="CVX" displayName="HPV, bivalent"/>
        </ns2:doseVaccine>
        <ns2:doseVaccine>
            <ns2:preferred>true</ns2:preferred>
            <ns2:vaccine code="137" codeSystem="2.16.840.1.113883.12.292" codeSystemName="CVX" displayName="HPV NOS"/>
        </ns2:doseVaccine>
        <ns2:doseVaccine>
            <ns2:preferred>true</ns2:preferred>
            <ns2:vaccine code="62" codeSystem="2.16.840.1.113883.12.292" codeSystemName="CVX" displayName="HPV, quadrivalent"/>
        </ns2:doseVaccine>
        <ns2:doseVaccine>
            <ns2:preferred>true</ns2:preferred>
            <ns2:vaccine code="165" codeSystem="2.16.840.1.113883.12.292" codeSystemName="CVX" displayName="HPV9"/>
        </ns2:doseVaccine>         
    </ns2:iceSeriesDose>
    <ns2:iceSeriesDose>
        <ns2:doseNumber>2</ns2:doseNumber>
        <ns2:doseVaccine>
            <ns2:preferred>true</ns2:preferred>
            <ns2:vaccine code="118" codeSystem="2.16.840.1.113883.12.292" codeSystemName="CVX" displayName="HPV, bivalent"/>
        </ns2:doseVaccine>
        <ns2:doseVaccine>
            <ns2:preferred>true</ns2:preferred>
            <ns2:vaccine code="137" codeSystem="2.16.840.1.113883.12.292" codeSystemName="CVX" displayName="HPV NOS"/>
        </ns2:doseVaccine>
        <ns2:doseVaccine>
            <ns2:preferred>true</ns2:preferred>
            <ns2:vaccine code="62" codeSystem="2.16.840.1.113883.12.292" codeSystemName="CVX" displayName="HPV, quadrivalent"/>
        </ns2:doseVaccine>
        <ns2:doseVaccine>
            <ns2:preferred>true</ns2:preferred>
            <ns2:vaccine code="165" codeSystem="2.16.840.1.113883.12.292" codeSystemName="CVX" displayName="HPV9"/>
        </ns2:doseVaccine>
    </ns2:iceSeriesDose>
    <ns2:iceSeriesDose>
        <ns2:doseNumber>3</ns2:doseNumber>
        <ns2:doseVaccine>
            <ns2:preferred>true</ns2:preferred>
            <ns2:vaccine code="118" codeSystem="2.16.840.1.113883.12.292" codeSystemName="CVX" displayName="HPV, bivalent"/>
        </ns2:doseVaccine>
        <ns2:doseVaccine>
            <ns2:preferred>true</ns2:preferred>
            <ns2:vaccine code="137" codeSystem="2.16.840.1.113883.12.292" codeSystemName="CVX" displayName="HPV NOS"/>
        </ns2:doseVaccine>
        <ns2:doseVaccine>
            <ns2:preferred>true</ns2:preferred>
            <ns2:vaccine code="62" codeSystem="2.16.840.1.113883.12.292" codeSystemName="CVX" displayName="HPV, quadrivalent"/>
        </ns2:doseVaccine>
        <ns2:doseVaccine>
            <ns2:preferred>true</ns2:preferred>
            <ns2:vaccine code="165" codeSystem="2.16.840.1.113883.12.292" codeSystemName="CVX" displayName="HPV9"/>
        </ns2:doseVaccine>        
    </ns2:iceSeriesDose>
</ns2:iceSeriesSpecificationFile>
