<?xml version="1.0" encoding="UTF-8" standalone="yes"?>
<ns2:iceSeriesSpecificationFile xmlns:ns2="org.cdsframework.util.support.data.ice.series">
    <ns2:seriesId>e4ce9fdf5eefebfb26e35a5a91e8861d</ns2:seriesId>
    <ns2:name>MCV4 2-Dose Series</ns2:name>
    <ns2:code>MCV42DoseSeries</ns2:code>
    <ns2:cdsVersion>gov.nyc.cir^ICE^1.0.0</ns2:cdsVersion>
    <ns2:doseInterval>
        <ns2:fromDoseNumber>1</ns2:fromDoseNumber>
        <ns2:toDoseNumber>2</ns2:toDoseNumber>
        <ns2:absoluteMinimumInterval>52d</ns2:absoluteMinimumInterval>
        <ns2:minimumInterval>56d</ns2:minimumInterval>
        <ns2:earliestRecommendedInterval>56d</ns2:earliestRecommendedInterval>
        <ns2:latestRecommendedInterval>6y+4w</ns2:latestRecommendedInterval>
    </ns2:doseInterval>
    <ns2:numberOfDosesInSeries>2</ns2:numberOfDosesInSeries>
    <ns2:vaccineGroup code="830" codeSystem="2.16.840.1.113883.3.795.12.100.1" codeSystemName="ICE Vaccine Group" displayName="Meningococcal ACWY"/>
    <ns2:iceSeriesDose>
        <ns2:doseNumber>1</ns2:doseNumber>
        <ns2:absoluteMinimumAge>10y</ns2:absoluteMinimumAge>
        <ns2:minimumAge>11y</ns2:minimumAge>
        <ns2:earliestRecommendedAge>11y</ns2:earliestRecommendedAge>
        <ns2:latestRecommendedAge>13y+4w</ns2:latestRecommendedAge>
        <ns2:doseVaccine>
            <ns2:preferred>false</ns2:preferred>
            <ns2:vaccine code="147" codeSystem="2.16.840.1.113883.12.292" codeSystemName="CVX" displayName="meningococcal MCV4 NOS"/>
        </ns2:doseVaccine>
        <ns2:doseVaccine>
            <ns2:preferred>false</ns2:preferred>
            <ns2:vaccine code="32" codeSystem="2.16.840.1.113883.12.292" codeSystemName="CVX" displayName="meningococcal MPSV4"/>
        </ns2:doseVaccine>
        <ns2:doseVaccine>
            <ns2:preferred>false</ns2:preferred>
            <ns2:vaccine code="114" codeSystem="2.16.840.1.113883.12.292" codeSystemName="CVX" displayName="meningococcal MCV4P"/>
        </ns2:doseVaccine>
        <ns2:doseVaccine>
            <ns2:preferred>false</ns2:preferred>
            <ns2:vaccine code="136" codeSystem="2.16.840.1.113883.12.292" codeSystemName="CVX" displayName="meningococcal MCV4O"/>
        </ns2:doseVaccine>
        <ns2:doseVaccine>
            <ns2:preferred>false</ns2:preferred>
            <ns2:vaccine code="108" codeSystem="2.16.840.1.113883.12.292" codeSystemName="CVX" displayName="meningococcal NOS"/>
        </ns2:doseVaccine>
        <ns2:doseVaccine>
            <ns2:preferred>false</ns2:preferred>
            <ns2:vaccine code="203" codeSystem="2.16.840.1.113883.12.292" codeSystemName="CVX" displayName="meningococcal MenACWY-TT (MenQuadfi)"/>
        </ns2:doseVaccine>
    </ns2:iceSeriesDose>
    <ns2:iceSeriesDose>
        <ns2:doseNumber>2</ns2:doseNumber>
        <ns2:absoluteMinimumAge>16y-4d</ns2:absoluteMinimumAge>
        <ns2:minimumAge>16y</ns2:minimumAge>
        <ns2:earliestRecommendedAge>16y</ns2:earliestRecommendedAge>
        <ns2:latestRecommendedAge>17y+4w</ns2:latestRecommendedAge>
        <ns2:doseVaccine>
            <ns2:preferred>false</ns2:preferred>
            <ns2:vaccine code="147" codeSystem="2.16.840.1.113883.12.292" codeSystemName="CVX" displayName="meningococcal MCV4 NOS"/>
        </ns2:doseVaccine>
        <ns2:doseVaccine>
            <ns2:preferred>false</ns2:preferred>
            <ns2:vaccine code="32" codeSystem="2.16.840.1.113883.12.292" codeSystemName="CVX" displayName="meningococcal MPSV4"/>
        </ns2:doseVaccine>
        <ns2:doseVaccine>
            <ns2:preferred>false</ns2:preferred>
            <ns2:vaccine code="114" codeSystem="2.16.840.1.113883.12.292" codeSystemName="CVX" displayName="meningococcal MCV4P"/>
        </ns2:doseVaccine>
        <ns2:doseVaccine>
            <ns2:preferred>false</ns2:preferred>
            <ns2:vaccine code="136" codeSystem="2.16.840.1.113883.12.292" codeSystemName="CVX" displayName="meningococcal MCV4O"/>
        </ns2:doseVaccine>
        <ns2:doseVaccine>
            <ns2:preferred>false</ns2:preferred>
            <ns2:vaccine code="108" codeSystem="2.16.840.1.113883.12.292" codeSystemName="CVX" displayName="meningococcal NOS"/>
        </ns2:doseVaccine>
        <ns2:doseVaccine>
            <ns2:preferred>false</ns2:preferred>
            <ns2:vaccine code="203" codeSystem="2.16.840.1.113883.12.292" codeSystemName="CVX" displayName="meningococcal MenACWY-TT (MenQuadfi)"/>
        </ns2:doseVaccine>
    </ns2:iceSeriesDose>
</ns2:iceSeriesSpecificationFile>
