<?xml version="1.0" encoding="UTF-8" standalone="yes"?>
<ns2:iceSeriesSpecificationFile xmlns:ns2="org.cdsframework.util.support.data.ice.series">
    <ns2:seriesId>5396a0ac694a89333a0f45f92c56df0c</ns2:seriesId>
    <ns2:name>MMR 2-Dose Series</ns2:name>
    <ns2:code>MMR2DoseSeries</ns2:code>
    <ns2:cdsVersion>gov.nyc.cir^ICE^1.0.0</ns2:cdsVersion>
    <ns2:doseInterval>
        <ns2:fromDoseNumber>1</ns2:fromDoseNumber>
        <ns2:toDoseNumber>2</ns2:toDoseNumber>
        <ns2:absoluteMinimumInterval>28d</ns2:absoluteMinimumInterval>
        <ns2:minimumInterval>28d</ns2:minimumInterval>
        <ns2:earliestRecommendedInterval>28d</ns2:earliestRecommendedInterval>
        <ns2:latestRecommendedInterval>6y+4w</ns2:latestRecommendedInterval>
    </ns2:doseInterval>
    <ns2:numberOfDosesInSeries>2</ns2:numberOfDosesInSeries>
    <ns2:vaccineGroup code="500" codeSystem="2.16.840.1.113883.3.795.12.100.1" codeSystemName="ICE Vaccine Group" displayName="MMR"/>
    <ns2:iceSeriesDose>
        <ns2:doseNumber>1</ns2:doseNumber>
        <ns2:absoluteMinimumAge>1y-4d</ns2:absoluteMinimumAge>
        <ns2:minimumAge>1y</ns2:minimumAge>
        <ns2:earliestRecommendedAge>1y</ns2:earliestRecommendedAge>
        <ns2:latestRecommendedAge>16m</ns2:latestRecommendedAge>
        <ns2:doseVaccine>
            <ns2:preferred>false</ns2:preferred>
            <ns2:vaccine code="07" codeSystem="2.16.840.1.113883.12.292" codeSystemName="CVX" displayName="mumps"/>
        </ns2:doseVaccine>
        <ns2:doseVaccine>
            <ns2:preferred>false</ns2:preferred>
            <ns2:vaccine code="05" codeSystem="2.16.840.1.113883.12.292" codeSystemName="CVX" displayName="measles"/>
        </ns2:doseVaccine>
        <ns2:doseVaccine>
            <ns2:preferred>false</ns2:preferred>
            <ns2:vaccine code="38" codeSystem="2.16.840.1.113883.12.292" codeSystemName="CVX" displayName="rubella/mumps"/>
        </ns2:doseVaccine>
        <ns2:doseVaccine>
            <ns2:preferred>false</ns2:preferred>
            <ns2:vaccine code="06" codeSystem="2.16.840.1.113883.12.292" codeSystemName="CVX" displayName="rubella"/>
        </ns2:doseVaccine>
        <ns2:doseVaccine>
            <ns2:preferred>true</ns2:preferred>
            <ns2:vaccine code="94" codeSystem="2.16.840.1.113883.12.292" codeSystemName="CVX" displayName="MMR-Varicella"/>
        </ns2:doseVaccine>
        <ns2:doseVaccine>
            <ns2:preferred>true</ns2:preferred>
            <ns2:vaccine code="03" codeSystem="2.16.840.1.113883.12.292" codeSystemName="CVX" displayName="MMR"/>
        </ns2:doseVaccine>
        <ns2:doseVaccine>
            <ns2:preferred>false</ns2:preferred>
            <ns2:vaccine code="04" codeSystem="2.16.840.1.113883.12.292" codeSystemName="CVX" displayName="measles/rubella"/>
        </ns2:doseVaccine>
    </ns2:iceSeriesDose>
    <ns2:iceSeriesDose>
        <ns2:doseNumber>2</ns2:doseNumber>
        <ns2:absoluteMinimumAge>389d</ns2:absoluteMinimumAge>
        <ns2:minimumAge>13m</ns2:minimumAge>
        <ns2:earliestRecommendedAge>4y</ns2:earliestRecommendedAge>
        <ns2:latestRecommendedAge>7y+4w</ns2:latestRecommendedAge>
        <ns2:doseVaccine>
            <ns2:preferred>false</ns2:preferred>
            <ns2:vaccine code="07" codeSystem="2.16.840.1.113883.12.292" codeSystemName="CVX" displayName="mumps"/>
        </ns2:doseVaccine>
        <ns2:doseVaccine>
            <ns2:preferred>false</ns2:preferred>
            <ns2:vaccine code="05" codeSystem="2.16.840.1.113883.12.292" codeSystemName="CVX" displayName="measles"/>
        </ns2:doseVaccine>
        <ns2:doseVaccine>
            <ns2:preferred>false</ns2:preferred>
            <ns2:vaccine code="38" codeSystem="2.16.840.1.113883.12.292" codeSystemName="CVX" displayName="rubella/mumps"/>
        </ns2:doseVaccine>
        <ns2:doseVaccine>
            <ns2:preferred>false</ns2:preferred>
            <ns2:vaccine code="06" codeSystem="2.16.840.1.113883.12.292" codeSystemName="CVX" displayName="rubella"/>
        </ns2:doseVaccine>
        <ns2:doseVaccine>
            <ns2:preferred>true</ns2:preferred>
            <ns2:vaccine code="94" codeSystem="2.16.840.1.113883.12.292" codeSystemName="CVX" displayName="MMR-Varicella"/>
        </ns2:doseVaccine>
        <ns2:doseVaccine>
            <ns2:preferred>true</ns2:preferred>
            <ns2:vaccine code="03" codeSystem="2.16.840.1.113883.12.292" codeSystemName="CVX" displayName="MMR"/>
        </ns2:doseVaccine>
        <ns2:doseVaccine>
            <ns2:preferred>false</ns2:preferred>
            <ns2:vaccine code="04" codeSystem="2.16.840.1.113883.12.292" codeSystemName="CVX" displayName="measles/rubella"/>
        </ns2:doseVaccine>
    </ns2:iceSeriesDose>
</ns2:iceSeriesSpecificationFile>
