<?xml version="1.0" encoding="UTF-8" standalone="yes"?>
<ns2:iceSeriesSpecificationFile xmlns:ns2="org.cdsframework.util.support.data.ice.series">
    <ns2:seriesId>674bzq5f7473dox0721b66481245786b</ns2:seriesId>
    <ns2:name>Orthopoxvirus 1-Dose Series</ns2:name>
    <ns2:code>Orthopoxvirus1DoseSeries</ns2:code>
    <ns2:cdsVersion>gov.nyc.cir^ICE^1.0.0</ns2:cdsVersion>
    <ns2:numberOfDosesInSeries>1</ns2:numberOfDosesInSeries>
    <ns2:vaccineGroup code="860" codeSystem="2.16.840.1.113883.3.795.12.100.1" codeSystemName="ICE Vaccine Group" displayName="Orthopoxvirus"/>
    <ns2:iceSeriesDose>
        <ns2:doseNumber>1</ns2:doseNumber>
		<ns2:absoluteMinimumAge>1y-4d</ns2:absoluteMinimumAge>
        <ns2:doseVaccine>
        	<ns2:preferred>true</ns2:preferred>
            <ns2:vaccine code="75" codeSystem="2.16.840.1.113883.12.292" codeSystemName="CVX" displayName="Vaccinia (smallpox) vaccine"/>
        </ns2:doseVaccine>
        <ns2:doseVaccine>
        	<ns2:preferred>false</ns2:preferred>
            <ns2:vaccine code="105" codeSystem="2.16.840.1.113883.12.292" codeSystemName="CVX" displayName="Vaccinia (smallpox) vaccine, diluted"/>
        </ns2:doseVaccine>
    </ns2:iceSeriesDose>
</ns2:iceSeriesSpecificationFile>
