<?xml version="1.0" encoding="UTF-8" standalone="yes"?>
<ns2:iceSeriesSpecificationFile xmlns:ns2="org.cdsframework.util.support.data.ice.series">
    <ns2:seriesId>83253ed66030cefc5dba876dcb6b0fea</ns2:seriesId>
    <ns2:name>Pneumococcal Series</ns2:name>
    <ns2:code>PneumococcalSeries</ns2:code>
    <ns2:cdsVersion>gov.nyc.cir^ICE^1.0.0</ns2:cdsVersion>
    <ns2:doseInterval>
        <ns2:fromDoseNumber>1</ns2:fromDoseNumber>
        <ns2:toDoseNumber>2</ns2:toDoseNumber>
        <ns2:absoluteMinimumInterval>24d</ns2:absoluteMinimumInterval>
        <ns2:minimumInterval>28d</ns2:minimumInterval>
        <ns2:earliestRecommendedInterval>28d</ns2:earliestRecommendedInterval>
        <ns2:latestRecommendedInterval>13w</ns2:latestRecommendedInterval>
    </ns2:doseInterval>
    <ns2:doseInterval>
        <ns2:fromDoseNumber>2</ns2:fromDoseNumber>
        <ns2:toDoseNumber>3</ns2:toDoseNumber>
        <ns2:absoluteMinimumInterval>24d</ns2:absoluteMinimumInterval>
        <ns2:minimumInterval>28d</ns2:minimumInterval>
        <ns2:earliestRecommendedInterval>28d</ns2:earliestRecommendedInterval>
        <ns2:latestRecommendedInterval>13w</ns2:latestRecommendedInterval>
    </ns2:doseInterval>
    <ns2:doseInterval>
        <ns2:fromDoseNumber>3</ns2:fromDoseNumber>
        <ns2:toDoseNumber>4</ns2:toDoseNumber>
        <ns2:absoluteMinimumInterval>52d</ns2:absoluteMinimumInterval>
        <ns2:minimumInterval>56d</ns2:minimumInterval>
        <ns2:earliestRecommendedInterval>56d</ns2:earliestRecommendedInterval>
        <ns2:latestRecommendedInterval>7m+4w</ns2:latestRecommendedInterval>
    </ns2:doseInterval>    
    <ns2:doseInterval>
    	<!-- PCV13 rule - 52d minimum interval; 8w recommended interval -->
        <ns2:fromDoseNumber>4</ns2:fromDoseNumber>
        <ns2:toDoseNumber>5</ns2:toDoseNumber>
        <ns2:absoluteMinimumInterval>52d</ns2:absoluteMinimumInterval>
        <ns2:minimumInterval>56d</ns2:minimumInterval>
        <ns2:earliestRecommendedInterval>56d</ns2:earliestRecommendedInterval>
    </ns2:doseInterval>    
    <ns2:doseInterval>
        <ns2:fromDoseNumber>5</ns2:fromDoseNumber>
        <ns2:toDoseNumber>6</ns2:toDoseNumber>
        <ns2:absoluteMinimumInterval>0d</ns2:absoluteMinimumInterval>
        <ns2:minimumInterval>0d</ns2:minimumInterval>
        <ns2:earliestRecommendedInterval>0d</ns2:earliestRecommendedInterval>
    </ns2:doseInterval>
    <ns2:doseInterval>
        <ns2:fromDoseNumber>6</ns2:fromDoseNumber>
        <ns2:toDoseNumber>7</ns2:toDoseNumber>
        <ns2:absoluteMinimumInterval>0d</ns2:absoluteMinimumInterval>
        <!-- <ns2:minimumInterval>1y</ns2:minimumInterval> -->
        <ns2:earliestRecommendedInterval>1y</ns2:earliestRecommendedInterval>
    </ns2:doseInterval>
    <ns2:doseInterval>
        <ns2:fromDoseNumber>7</ns2:fromDoseNumber>
        <ns2:toDoseNumber>8</ns2:toDoseNumber>
        <ns2:absoluteMinimumInterval>0d</ns2:absoluteMinimumInterval>
        <!-- <ns2:minimumInterval>1y</ns2:minimumInterval> -->
        <ns2:earliestRecommendedInterval>1y</ns2:earliestRecommendedInterval>
    </ns2:doseInterval>
    <ns2:numberOfDosesInSeries>8</ns2:numberOfDosesInSeries>
    <ns2:vaccineGroup code="750" codeSystem="2.16.840.1.113883.3.795.12.100.1" codeSystemName="ICE Vaccine Group" displayName="Pneumococcal"/>
    <ns2:iceSeriesDose>
        <ns2:doseNumber>1</ns2:doseNumber>
        <ns2:absoluteMinimumAge>38d</ns2:absoluteMinimumAge>
        <ns2:minimumAge>42d</ns2:minimumAge>
        <ns2:earliestRecommendedAge>2m</ns2:earliestRecommendedAge>
        <ns2:latestRecommendedAge>3m</ns2:latestRecommendedAge>
        <ns2:doseVaccine>
            <ns2:preferred>true</ns2:preferred>
            <ns2:vaccine code="100" codeSystem="2.16.840.1.113883.12.292" codeSystemName="CVX" displayName="pneumococcal conjugate PCV 7"/>
        </ns2:doseVaccine>
        <ns2:doseVaccine>
            <ns2:preferred>true</ns2:preferred>
            <ns2:vaccine code="133" codeSystem="2.16.840.1.113883.12.292" codeSystemName="CVX" displayName="pneumococcal conjugate PCV 13"/>
        </ns2:doseVaccine>
		<ns2:doseVaccine>
            <ns2:preferred>true</ns2:preferred>
            <ns2:vaccine code="215" codeSystem="2.16.840.1.113883.12.292" codeSystemName="CVX" displayName="pneumococcal conjugate PCV15"/>
        </ns2:doseVaccine>
        <ns2:doseVaccine>
            <ns2:preferred>true</ns2:preferred>
            <ns2:vaccine code="216" codeSystem="2.16.840.1.113883.12.292" codeSystemName="CVX" displayName="pneumococcal conjugate PCV20"/>
        </ns2:doseVaccine>
        <ns2:doseVaccine>
            <ns2:preferred>true</ns2:preferred>
            <ns2:vaccine code="109" codeSystem="2.16.840.1.113883.12.292" codeSystemName="CVX" displayName="pneumococcal NOS"/>
        </ns2:doseVaccine>
        <ns2:doseVaccine>
            <ns2:preferred>true</ns2:preferred>
            <ns2:vaccine code="152" codeSystem="2.16.840.1.113883.12.292" codeSystemName="CVX" displayName="pneumococcal conjugate NOS "/>
        </ns2:doseVaccine>
    </ns2:iceSeriesDose>
    <ns2:iceSeriesDose>
        <ns2:doseNumber>2</ns2:doseNumber>
        <ns2:absoluteMinimumAge>66d</ns2:absoluteMinimumAge>
        <ns2:minimumAge>70d</ns2:minimumAge>
        <ns2:earliestRecommendedAge>4m</ns2:earliestRecommendedAge>
        <ns2:latestRecommendedAge>5m</ns2:latestRecommendedAge>
        <ns2:doseVaccine>
            <ns2:preferred>true</ns2:preferred>
            <ns2:vaccine code="100" codeSystem="2.16.840.1.113883.12.292" codeSystemName="CVX" displayName="pneumococcal conjugate PCV 7"/>
        </ns2:doseVaccine>
        <ns2:doseVaccine>
            <ns2:preferred>true</ns2:preferred>
            <ns2:vaccine code="133" codeSystem="2.16.840.1.113883.12.292" codeSystemName="CVX" displayName="pneumococcal conjugate PCV 13"/>
        </ns2:doseVaccine>
        <ns2:doseVaccine>
            <ns2:preferred>true</ns2:preferred>
            <ns2:vaccine code="215" codeSystem="2.16.840.1.113883.12.292" codeSystemName="CVX" displayName="pneumococcal conjugate PCV15"/>
        </ns2:doseVaccine>
        <ns2:doseVaccine>
            <ns2:preferred>true</ns2:preferred>
            <ns2:vaccine code="216" codeSystem="2.16.840.1.113883.12.292" codeSystemName="CVX" displayName="pneumococcal conjugate PCV20"/>
        </ns2:doseVaccine>
        <ns2:doseVaccine>
            <ns2:preferred>true</ns2:preferred>
            <ns2:vaccine code="109" codeSystem="2.16.840.1.113883.12.292" codeSystemName="CVX" displayName="pneumococcal NOS"/>
        </ns2:doseVaccine>
        <ns2:doseVaccine>
            <ns2:preferred>true</ns2:preferred>
            <ns2:vaccine code="152" codeSystem="2.16.840.1.113883.12.292" codeSystemName="CVX" displayName="pneumococcal conjugate NOS "/>
        </ns2:doseVaccine>
    </ns2:iceSeriesDose>
    <ns2:iceSeriesDose>
        <ns2:doseNumber>3</ns2:doseNumber>
        <ns2:absoluteMinimumAge>94d</ns2:absoluteMinimumAge>
        <ns2:minimumAge>98d</ns2:minimumAge>
        <ns2:earliestRecommendedAge>6m</ns2:earliestRecommendedAge>
        <ns2:latestRecommendedAge>7m</ns2:latestRecommendedAge>
        <ns2:doseVaccine>
            <ns2:preferred>true</ns2:preferred>
            <ns2:vaccine code="100" codeSystem="2.16.840.1.113883.12.292" codeSystemName="CVX" displayName="pneumococcal conjugate PCV 7"/>
        </ns2:doseVaccine>
        <ns2:doseVaccine>
            <ns2:preferred>true</ns2:preferred>
            <ns2:vaccine code="133" codeSystem="2.16.840.1.113883.12.292" codeSystemName="CVX" displayName="pneumococcal conjugate PCV 13"/>
        </ns2:doseVaccine>
        <ns2:doseVaccine>
            <ns2:preferred>true</ns2:preferred>
            <ns2:vaccine code="215" codeSystem="2.16.840.1.113883.12.292" codeSystemName="CVX" displayName="pneumococcal conjugate PCV15"/>
        </ns2:doseVaccine>
        <ns2:doseVaccine>
            <ns2:preferred>true</ns2:preferred>
            <ns2:vaccine code="216" codeSystem="2.16.840.1.113883.12.292" codeSystemName="CVX" displayName="pneumococcal conjugate PCV20"/>
        </ns2:doseVaccine>
        <ns2:doseVaccine>
            <ns2:preferred>true</ns2:preferred>
            <ns2:vaccine code="109" codeSystem="2.16.840.1.113883.12.292" codeSystemName="CVX" displayName="pneumococcal NOS"/>
        </ns2:doseVaccine>
        <ns2:doseVaccine>
            <ns2:preferred>true</ns2:preferred>
            <ns2:vaccine code="152" codeSystem="2.16.840.1.113883.12.292" codeSystemName="CVX" displayName="pneumococcal conjugate NOS "/>
        </ns2:doseVaccine>
    </ns2:iceSeriesDose>
    <ns2:iceSeriesDose>
        <ns2:doseNumber>4</ns2:doseNumber>
        <ns2:absoluteMinimumAge>1y-4d</ns2:absoluteMinimumAge>
        <ns2:minimumAge>1y</ns2:minimumAge>
        <ns2:earliestRecommendedAge>1y</ns2:earliestRecommendedAge>
        <ns2:latestRecommendedAge>16m</ns2:latestRecommendedAge>
        <ns2:doseVaccine>
            <ns2:preferred>true</ns2:preferred>
            <ns2:vaccine code="100" codeSystem="2.16.840.1.113883.12.292" codeSystemName="CVX" displayName="pneumococcal conjugate PCV 7"/>
        </ns2:doseVaccine>
        <ns2:doseVaccine>
            <ns2:preferred>true</ns2:preferred>
            <ns2:vaccine code="133" codeSystem="2.16.840.1.113883.12.292" codeSystemName="CVX" displayName="pneumococcal conjugate PCV 13"/>
        </ns2:doseVaccine>
        <ns2:doseVaccine>
            <ns2:preferred>true</ns2:preferred>
            <ns2:vaccine code="215" codeSystem="2.16.840.1.113883.12.292" codeSystemName="CVX" displayName="pneumococcal conjugate PCV15"/>
        </ns2:doseVaccine>
        <ns2:doseVaccine>
            <ns2:preferred>true</ns2:preferred>
            <ns2:vaccine code="216" codeSystem="2.16.840.1.113883.12.292" codeSystemName="CVX" displayName="pneumococcal conjugate PCV20"/>
        </ns2:doseVaccine>
        <ns2:doseVaccine>
            <ns2:preferred>true</ns2:preferred>
            <ns2:vaccine code="109" codeSystem="2.16.840.1.113883.12.292" codeSystemName="CVX" displayName="pneumococcal NOS"/>
        </ns2:doseVaccine>
        <ns2:doseVaccine>
            <ns2:preferred>true</ns2:preferred>
            <ns2:vaccine code="152" codeSystem="2.16.840.1.113883.12.292" codeSystemName="CVX" displayName="pneumococcal conjugate NOS "/>
        </ns2:doseVaccine>
    </ns2:iceSeriesDose>
    <ns2:iceSeriesDose>
    	<!-- Extra PCV13 dose if necessary: See "PCV13 rule" -->
        <ns2:doseNumber>5</ns2:doseNumber>
        <ns2:doseVaccine>
            <ns2:preferred>true</ns2:preferred>
            <ns2:vaccine code="133" codeSystem="2.16.840.1.113883.12.292" codeSystemName="CVX" displayName="pneumococcal conjugate PCV 13"/>
        </ns2:doseVaccine>
        <ns2:doseVaccine>
            <ns2:preferred>true</ns2:preferred>
            <ns2:vaccine code="215" codeSystem="2.16.840.1.113883.12.292" codeSystemName="CVX" displayName="pneumococcal conjugate PCV15"/>
        </ns2:doseVaccine>
        <ns2:doseVaccine>
            <ns2:preferred>true</ns2:preferred>
            <ns2:vaccine code="216" codeSystem="2.16.840.1.113883.12.292" codeSystemName="CVX" displayName="pneumococcal conjugate PCV20"/>
        </ns2:doseVaccine>
    </ns2:iceSeriesDose>    
	<ns2:iceSeriesDose>
        <ns2:doseNumber>6</ns2:doseNumber>
        <ns2:absoluteMinimumAge>19y</ns2:absoluteMinimumAge>
        <ns2:earliestRecommendedAge>65y</ns2:earliestRecommendedAge>
        <ns2:doseVaccine>
            <ns2:preferred>true</ns2:preferred>
            <ns2:vaccine code="215" codeSystem="2.16.840.1.113883.12.292" codeSystemName="CVX" displayName="pneumococcal conjugate PCV15"/>
        </ns2:doseVaccine>
        <ns2:doseVaccine>
            <ns2:preferred>true</ns2:preferred>
            <ns2:vaccine code="216" codeSystem="2.16.840.1.113883.12.292" codeSystemName="CVX" displayName="pneumococcal conjugate PCV20"/>
        </ns2:doseVaccine>
        <ns2:doseVaccine>
            <ns2:preferred>false</ns2:preferred>
            <ns2:vaccine code="133" codeSystem="2.16.840.1.113883.12.292" codeSystemName="CVX" displayName="pneumococcal conjugate PCV13"/>
        </ns2:doseVaccine>
        <ns2:doseVaccine>
            <ns2:preferred>true</ns2:preferred>
            <ns2:vaccine code="33" codeSystem="2.16.840.1.113883.12.292" codeSystemName="CVX" displayName="pneumococcal polysaccharide"/>
        </ns2:doseVaccine>
    </ns2:iceSeriesDose>
    	<ns2:iceSeriesDose>
        <ns2:doseNumber>7</ns2:doseNumber>
        <ns2:absoluteMinimumAge>19y</ns2:absoluteMinimumAge>
        <ns2:earliestRecommendedAge>65y</ns2:earliestRecommendedAge>
        <ns2:doseVaccine>
            <ns2:preferred>true</ns2:preferred>
            <ns2:vaccine code="215" codeSystem="2.16.840.1.113883.12.292" codeSystemName="CVX" displayName="pneumococcal conjugate PCV15"/>
        </ns2:doseVaccine>
        <ns2:doseVaccine>
            <ns2:preferred>true</ns2:preferred>
            <ns2:vaccine code="216" codeSystem="2.16.840.1.113883.12.292" codeSystemName="CVX" displayName="pneumococcal conjugate PCV20"/>
        </ns2:doseVaccine>
        <ns2:doseVaccine>
            <ns2:preferred>false</ns2:preferred>
            <ns2:vaccine code="133" codeSystem="2.16.840.1.113883.12.292" codeSystemName="CVX" displayName="pneumococcal conjugate PCV13"/>
        </ns2:doseVaccine>
        <ns2:doseVaccine>
            <ns2:preferred>true</ns2:preferred>
            <ns2:vaccine code="33" codeSystem="2.16.840.1.113883.12.292" codeSystemName="CVX" displayName="pneumococcal polysaccharide"/>
        </ns2:doseVaccine>
    </ns2:iceSeriesDose>
   	<ns2:iceSeriesDose>
        <ns2:doseNumber>8</ns2:doseNumber>
        <ns2:absoluteMinimumAge>65y</ns2:absoluteMinimumAge>
        <ns2:earliestRecommendedAge>65y</ns2:earliestRecommendedAge>
         <ns2:doseVaccine>
            <ns2:preferred>true</ns2:preferred>
            <ns2:vaccine code="215" codeSystem="2.16.840.1.113883.12.292" codeSystemName="CVX" displayName="pneumococcal conjugate PCV15"/>
        </ns2:doseVaccine>
        <ns2:doseVaccine>
            <ns2:preferred>true</ns2:preferred>
            <ns2:vaccine code="216" codeSystem="2.16.840.1.113883.12.292" codeSystemName="CVX" displayName="pneumococcal conjugate PCV20"/>
        </ns2:doseVaccine>
        <ns2:doseVaccine>
            <ns2:preferred>false</ns2:preferred>
            <ns2:vaccine code="133" codeSystem="2.16.840.1.113883.12.292" codeSystemName="CVX" displayName="pneumococcal conjugate PCV13"/>
        </ns2:doseVaccine>
        <ns2:doseVaccine>
            <ns2:preferred>true</ns2:preferred>
            <ns2:vaccine code="33" codeSystem="2.16.840.1.113883.12.292" codeSystemName="CVX" displayName="pneumococcal polysaccharide"/>
        </ns2:doseVaccine>
    </ns2:iceSeriesDose>
</ns2:iceSeriesSpecificationFile>
