<?xml version="1.0" encoding="UTF-8" standalone="yes"?>
<ns2:iceSeriesSpecificationFile xmlns:ns2="org.cdsframework.util.support.data.ice.series">
    <ns2:seriesId>b0390838dd8fc793f8ab69346065ef2a</ns2:seriesId>
    <ns2:name>Polio 4-Dose Series</ns2:name>
    <ns2:code>Polio4DoseSeries</ns2:code>
    <ns2:cdsVersion>gov.nyc.cir^ICE^1.0.0</ns2:cdsVersion>
    <ns2:doseInterval>
        <ns2:fromDoseNumber>1</ns2:fromDoseNumber>
        <ns2:toDoseNumber>2</ns2:toDoseNumber>
        <ns2:absoluteMinimumInterval>24d</ns2:absoluteMinimumInterval>
        <ns2:minimumInterval>28d</ns2:minimumInterval>
        <ns2:earliestRecommendedInterval>28d</ns2:earliestRecommendedInterval>
        <ns2:latestRecommendedInterval>13w</ns2:latestRecommendedInterval>
    </ns2:doseInterval>
    <ns2:doseInterval>
        <ns2:fromDoseNumber>2</ns2:fromDoseNumber>
        <ns2:toDoseNumber>3</ns2:toDoseNumber>
        <ns2:absoluteMinimumInterval>24d</ns2:absoluteMinimumInterval>
        <ns2:minimumInterval>28d</ns2:minimumInterval>
        <ns2:earliestRecommendedInterval>28d</ns2:earliestRecommendedInterval>
        <ns2:latestRecommendedInterval>15m+4w</ns2:latestRecommendedInterval>
    </ns2:doseInterval>
    <ns2:doseInterval>
        <ns2:fromDoseNumber>3</ns2:fromDoseNumber>
        <ns2:toDoseNumber>4</ns2:toDoseNumber>
        <ns2:absoluteMinimumInterval>6m-4d</ns2:absoluteMinimumInterval>
        <ns2:minimumInterval>6m</ns2:minimumInterval>
        <ns2:earliestRecommendedInterval>6m</ns2:earliestRecommendedInterval>
        <ns2:latestRecommendedInterval>6y+4w</ns2:latestRecommendedInterval>
    </ns2:doseInterval>
    <ns2:numberOfDosesInSeries>4</ns2:numberOfDosesInSeries>
    <ns2:vaccineGroup code="400" codeSystem="2.16.840.1.113883.3.795.12.100.1" codeSystemName="ICE Vaccine Group" displayName="Polio"/>
    <ns2:iceSeriesDose>
        <ns2:doseNumber>1</ns2:doseNumber>
        <ns2:absoluteMinimumAge>38d</ns2:absoluteMinimumAge>
        <ns2:minimumAge>42d</ns2:minimumAge>
        <ns2:earliestRecommendedAge>2m</ns2:earliestRecommendedAge>
        <ns2:latestRecommendedAge>3m</ns2:latestRecommendedAge>
        <ns2:doseVaccine>
            <ns2:preferred>true</ns2:preferred>
            <ns2:vaccine code="10" codeSystem="2.16.840.1.113883.12.292" codeSystemName="CVX" displayName="IPV"/>
        </ns2:doseVaccine>
        <ns2:doseVaccine>
            <ns2:preferred>true</ns2:preferred>
            <ns2:vaccine code="89" codeSystem="2.16.840.1.113883.12.292" codeSystemName="CVX" displayName="Polio NOS"/>
        </ns2:doseVaccine>
        <ns2:doseVaccine>
            <ns2:preferred>true</ns2:preferred>
            <ns2:vaccine code="02" codeSystem="2.16.840.1.113883.12.292" codeSystemName="CVX" displayName="OPV"/>
        </ns2:doseVaccine>
        <ns2:doseVaccine>
            <ns2:preferred>true</ns2:preferred>
            <ns2:vaccine code="110" codeSystem="2.16.840.1.113883.12.292" codeSystemName="CVX" displayName="DTaP-HepB-IPV"/>
        </ns2:doseVaccine>    
        <ns2:doseVaccine>
            <ns2:preferred>true</ns2:preferred>
            <ns2:vaccine code="120" codeSystem="2.16.840.1.113883.12.292" codeSystemName="CVX" displayName="DTaP-Hib-IPV"/>
        </ns2:doseVaccine>    
        <ns2:doseVaccine>
            <ns2:preferred>true</ns2:preferred>
            <ns2:vaccine code="130" codeSystem="2.16.840.1.113883.12.292" codeSystemName="CVX" displayName="DTaP-IPV"/>
        </ns2:doseVaccine>
		<ns2:doseVaccine>
            <ns2:preferred>true</ns2:preferred>
            <ns2:vaccine code="132" codeSystem="2.16.840.1.113883.12.292" codeSystemName="CVX" displayName="DTaP-IPV-Hib-Hep B, historical"/>
        </ns2:doseVaccine>        
        <ns2:doseVaccine>
            <ns2:preferred>true</ns2:preferred>
            <ns2:vaccine code="146" codeSystem="2.16.840.1.113883.12.292" codeSystemName="CVX" displayName="DTaP-IPV-Hib-Hep B"/>
        </ns2:doseVaccine>
        <ns2:doseVaccine>
            <ns2:preferred>false</ns2:preferred>
            <ns2:vaccine code="170" codeSystem="2.16.840.1.113883.12.292" codeSystemName="CVX" displayName="DTaP-IPV-Hib"/>
        </ns2:doseVaccine>
        <ns2:doseVaccine>
            <ns2:preferred>false</ns2:preferred>
            <ns2:vaccine code="182" codeSystem="2.16.840.1.113883.12.292" codeSystemName="CVX" displayName="OPV unspecified"/>
        </ns2:doseVaccine>
        <ns2:doseVaccine>
            <ns2:preferred>false</ns2:preferred>
            <ns2:vaccine code="195" codeSystem="2.16.840.1.113883.12.292" codeSystemName="CVX" displayName="DT-IPV adsorbed non-US"/>
        </ns2:doseVaccine>
    </ns2:iceSeriesDose>
    <ns2:iceSeriesDose>
        <ns2:doseNumber>2</ns2:doseNumber>
        <ns2:absoluteMinimumAge>66d</ns2:absoluteMinimumAge>
        <ns2:minimumAge>70d</ns2:minimumAge>
        <ns2:earliestRecommendedAge>4m</ns2:earliestRecommendedAge>
        <ns2:latestRecommendedAge>5m</ns2:latestRecommendedAge>
        <ns2:doseVaccine>
            <ns2:preferred>true</ns2:preferred>
            <ns2:vaccine code="10" codeSystem="2.16.840.1.113883.12.292" codeSystemName="CVX" displayName="IPV"/>
        </ns2:doseVaccine>
        <ns2:doseVaccine>
            <ns2:preferred>true</ns2:preferred>
            <ns2:vaccine code="89" codeSystem="2.16.840.1.113883.12.292" codeSystemName="CVX" displayName="polio NOS"/>
        </ns2:doseVaccine>
        <ns2:doseVaccine>
            <ns2:preferred>true</ns2:preferred>
            <ns2:vaccine code="02" codeSystem="2.16.840.1.113883.12.292" codeSystemName="CVX" displayName="OPV"/>
        </ns2:doseVaccine>
        <ns2:doseVaccine>
            <ns2:preferred>true</ns2:preferred>
            <ns2:vaccine code="110" codeSystem="2.16.840.1.113883.12.292" codeSystemName="CVX" displayName="DTaP-HepB-IPV"/>
        </ns2:doseVaccine>    
        <ns2:doseVaccine>
            <ns2:preferred>true</ns2:preferred>
            <ns2:vaccine code="120" codeSystem="2.16.840.1.113883.12.292" codeSystemName="CVX" displayName="DTaP-Hib-IPV"/>
        </ns2:doseVaccine>    
        <ns2:doseVaccine>
            <ns2:preferred>true</ns2:preferred>
            <ns2:vaccine code="130" codeSystem="2.16.840.1.113883.12.292" codeSystemName="CVX" displayName="DTaP-IPV"/>
        </ns2:doseVaccine>
		<ns2:doseVaccine>
            <ns2:preferred>true</ns2:preferred>
            <ns2:vaccine code="132" codeSystem="2.16.840.1.113883.12.292" codeSystemName="CVX" displayName="DTaP-IPV-Hib-Hep B, historical"/>
        </ns2:doseVaccine>        
        <ns2:doseVaccine>
            <ns2:preferred>true</ns2:preferred>
            <ns2:vaccine code="146" codeSystem="2.16.840.1.113883.12.292" codeSystemName="CVX" displayName="DTaP-IPV-Hib-HepB"/>
        </ns2:doseVaccine>
        <ns2:doseVaccine>
            <ns2:preferred>false</ns2:preferred>
            <ns2:vaccine code="170" codeSystem="2.16.840.1.113883.12.292" codeSystemName="CVX" displayName="DTaP-IPV-Hib"/>
        </ns2:doseVaccine>
        <ns2:doseVaccine>
            <ns2:preferred>false</ns2:preferred>
            <ns2:vaccine code="182" codeSystem="2.16.840.1.113883.12.292" codeSystemName="CVX" displayName="OPV unspecified"/>
        </ns2:doseVaccine>
        <ns2:doseVaccine>
            <ns2:preferred>false</ns2:preferred>
            <ns2:vaccine code="195" codeSystem="2.16.840.1.113883.12.292" codeSystemName="CVX" displayName="DT-IPV adsorbed non-US"/>
        </ns2:doseVaccine>
    </ns2:iceSeriesDose>
    <ns2:iceSeriesDose>
        <ns2:doseNumber>3</ns2:doseNumber>
        <ns2:absoluteMinimumAge>94d</ns2:absoluteMinimumAge>
        <ns2:minimumAge>98d</ns2:minimumAge>
        <ns2:earliestRecommendedAge>6m</ns2:earliestRecommendedAge>
        <ns2:latestRecommendedAge>19m</ns2:latestRecommendedAge>
        <ns2:doseVaccine>
            <ns2:preferred>true</ns2:preferred>
            <ns2:vaccine code="10" codeSystem="2.16.840.1.113883.12.292" codeSystemName="CVX" displayName="IPV"/>
        </ns2:doseVaccine>
        <ns2:doseVaccine>
            <ns2:preferred>true</ns2:preferred>
            <ns2:vaccine code="89" codeSystem="2.16.840.1.113883.12.292" codeSystemName="CVX" displayName="polio NOS"/>
        </ns2:doseVaccine>
        <ns2:doseVaccine>
            <ns2:preferred>true</ns2:preferred>
            <ns2:vaccine code="02" codeSystem="2.16.840.1.113883.12.292" codeSystemName="CVX" displayName="OPV"/>
        </ns2:doseVaccine>
        <ns2:doseVaccine>
            <ns2:preferred>true</ns2:preferred>
            <ns2:vaccine code="110" codeSystem="2.16.840.1.113883.12.292" codeSystemName="CVX" displayName="DTaP-HepB-IPV"/>
        </ns2:doseVaccine>    
        <ns2:doseVaccine>
            <ns2:preferred>true</ns2:preferred>
            <ns2:vaccine code="120" codeSystem="2.16.840.1.113883.12.292" codeSystemName="CVX" displayName="DTaP-Hib-IPV"/>
        </ns2:doseVaccine>    
        <ns2:doseVaccine>
            <ns2:preferred>true</ns2:preferred>
            <ns2:vaccine code="130" codeSystem="2.16.840.1.113883.12.292" codeSystemName="CVX" displayName="DTaP-IPV"/>
        </ns2:doseVaccine>
		<ns2:doseVaccine>
            <ns2:preferred>true</ns2:preferred>
            <ns2:vaccine code="132" codeSystem="2.16.840.1.113883.12.292" codeSystemName="CVX" displayName="DTaP-IPV-Hib-Hep B, historical"/>
        </ns2:doseVaccine>        
        <ns2:doseVaccine>
            <ns2:preferred>true</ns2:preferred>
            <ns2:vaccine code="146" codeSystem="2.16.840.1.113883.12.292" codeSystemName="CVX" displayName="DTaP-IPV-Hib-HepB"/>
        </ns2:doseVaccine>
        <ns2:doseVaccine>
            <ns2:preferred>false</ns2:preferred>
            <ns2:vaccine code="170" codeSystem="2.16.840.1.113883.12.292" codeSystemName="CVX" displayName="DTaP-IPV-Hib"/>
        </ns2:doseVaccine>
        <ns2:doseVaccine>
            <ns2:preferred>false</ns2:preferred>
            <ns2:vaccine code="182" codeSystem="2.16.840.1.113883.12.292" codeSystemName="CVX" displayName="OPV unspecified"/>
        </ns2:doseVaccine>
        <ns2:doseVaccine>
            <ns2:preferred>false</ns2:preferred>
            <ns2:vaccine code="195" codeSystem="2.16.840.1.113883.12.292" codeSystemName="CVX" displayName="DT-IPV adsorbed non-US"/>
        </ns2:doseVaccine>
    </ns2:iceSeriesDose>
    <ns2:iceSeriesDose>
        <ns2:doseNumber>4</ns2:doseNumber>
        <ns2:absoluteMinimumAge>4y - 4d</ns2:absoluteMinimumAge>
        <ns2:minimumAge>4y</ns2:minimumAge>
        <ns2:earliestRecommendedAge>4y</ns2:earliestRecommendedAge>
        <ns2:latestRecommendedAge>7y</ns2:latestRecommendedAge>
        <ns2:doseVaccine>
            <ns2:preferred>true</ns2:preferred>
            <ns2:vaccine code="10" codeSystem="2.16.840.1.113883.12.292" codeSystemName="CVX" displayName="IPV"/>
        </ns2:doseVaccine>
        <ns2:doseVaccine>
            <ns2:preferred>true</ns2:preferred>
            <ns2:vaccine code="89" codeSystem="2.16.840.1.113883.12.292" codeSystemName="CVX" displayName="polio NOS"/>
        </ns2:doseVaccine>
        <ns2:doseVaccine>
            <ns2:preferred>true</ns2:preferred>
            <ns2:vaccine code="02" codeSystem="2.16.840.1.113883.12.292" codeSystemName="CVX" displayName="OPV"/>
        </ns2:doseVaccine>
        <ns2:doseVaccine>
            <ns2:preferred>true</ns2:preferred>
            <ns2:vaccine code="110" codeSystem="2.16.840.1.113883.12.292" codeSystemName="CVX" displayName="DTaP-HepB-IPV"/>
        </ns2:doseVaccine>    
        <ns2:doseVaccine>
            <ns2:preferred>true</ns2:preferred>
            <ns2:vaccine code="120" codeSystem="2.16.840.1.113883.12.292" codeSystemName="CVX" displayName="DTaP-Hib-IPV"/>
        </ns2:doseVaccine>    
        <ns2:doseVaccine>
            <ns2:preferred>true</ns2:preferred>
            <ns2:vaccine code="130" codeSystem="2.16.840.1.113883.12.292" codeSystemName="CVX" displayName="DTaP-IPV"/>
        </ns2:doseVaccine>
		<ns2:doseVaccine>
            <ns2:preferred>true</ns2:preferred>
            <ns2:vaccine code="132" codeSystem="2.16.840.1.113883.12.292" codeSystemName="CVX" displayName="DTaP-IPV-Hib-Hep B, historical"/>
        </ns2:doseVaccine>        
        <ns2:doseVaccine>
            <ns2:preferred>true</ns2:preferred>
            <ns2:vaccine code="146" codeSystem="2.16.840.1.113883.12.292" codeSystemName="CVX" displayName="DTaP-IPV-Hib-HepB"/>
        </ns2:doseVaccine>
        <ns2:doseVaccine>
            <ns2:preferred>false</ns2:preferred>
            <ns2:vaccine code="170" codeSystem="2.16.840.1.113883.12.292" codeSystemName="CVX" displayName="DTaP-IPV-Hib"/>
        </ns2:doseVaccine>
        <ns2:doseVaccine>
            <ns2:preferred>false</ns2:preferred>
            <ns2:vaccine code="182" codeSystem="2.16.840.1.113883.12.292" codeSystemName="CVX" displayName="OPV unspecified"/>
        </ns2:doseVaccine>
        <ns2:doseVaccine>
            <ns2:preferred>false</ns2:preferred>
            <ns2:vaccine code="195" codeSystem="2.16.840.1.113883.12.292" codeSystemName="CVX" displayName="DT-IPV adsorbed non-US"/>
        </ns2:doseVaccine>
    </ns2:iceSeriesDose>
</ns2:iceSeriesSpecificationFile>
