<?xml version="1.0" encoding="UTF-8" standalone="yes"?>
<ns2:iceSeriesSpecificationFile xmlns:ns2="org.cdsframework.util.support.data.ice.series">
    <ns2:seriesId>1818fbeb3f054eeea144af7cb7565d20</ns2:seriesId>
    <ns2:name>RSV 6-Dose Series</ns2:name>
    <ns2:code>RSV6DoseDefaultSeries</ns2:code>
    <ns2:cdsVersion>gov.nyc.cir^ICE^1.0.0</ns2:cdsVersion>
    <ns2:doseInterval>
        <ns2:fromDoseNumber>1</ns2:fromDoseNumber>
        <ns2:toDoseNumber>2</ns2:toDoseNumber>
        <ns2:absoluteMinimumInterval>28d</ns2:absoluteMinimumInterval>
        <ns2:minimumInterval>28d</ns2:minimumInterval>
        <ns2:earliestRecommendedInterval>28d</ns2:earliestRecommendedInterval>
    </ns2:doseInterval>
    <ns2:doseInterval>
        <ns2:fromDoseNumber>2</ns2:fromDoseNumber>
        <ns2:toDoseNumber>3</ns2:toDoseNumber>
        <ns2:absoluteMinimumInterval>28d</ns2:absoluteMinimumInterval>
        <ns2:minimumInterval>28d</ns2:minimumInterval>
        <ns2:earliestRecommendedInterval>28d</ns2:earliestRecommendedInterval>
    </ns2:doseInterval>
    <ns2:doseInterval>
        <ns2:fromDoseNumber>3</ns2:fromDoseNumber>
        <ns2:toDoseNumber>4</ns2:toDoseNumber>
        <ns2:absoluteMinimumInterval>28d</ns2:absoluteMinimumInterval>
        <ns2:minimumInterval>28d</ns2:minimumInterval>
        <ns2:earliestRecommendedInterval>28d</ns2:earliestRecommendedInterval>
    </ns2:doseInterval>
    <ns2:doseInterval>
        <ns2:fromDoseNumber>4</ns2:fromDoseNumber>
        <ns2:toDoseNumber>5</ns2:toDoseNumber>
        <ns2:absoluteMinimumInterval>28d</ns2:absoluteMinimumInterval>
        <ns2:minimumInterval>28d</ns2:minimumInterval>
        <ns2:earliestRecommendedInterval>28d</ns2:earliestRecommendedInterval>
    </ns2:doseInterval>
    <ns2:doseInterval>
        <ns2:fromDoseNumber>5</ns2:fromDoseNumber>
        <ns2:toDoseNumber>6</ns2:toDoseNumber>
        <ns2:absoluteMinimumInterval>28d</ns2:absoluteMinimumInterval>
        <ns2:minimumInterval>28d</ns2:minimumInterval>
        <ns2:earliestRecommendedInterval>28d</ns2:earliestRecommendedInterval>
    </ns2:doseInterval>
    <ns2:numberOfDosesInSeries>6</ns2:numberOfDosesInSeries>
    <ns2:vaccineGroup code="905" codeSystem="2.16.840.1.113883.3.795.12.100.1" codeSystemName="ICE Vaccine Group" displayName="RSV"/>
    <ns2:iceSeriesDose>
        <ns2:doseNumber>1</ns2:doseNumber>
        <ns2:absoluteMinimumAge>1d</ns2:absoluteMinimumAge>
        <ns2:minimumAge>1d</ns2:minimumAge>
        <ns2:earliestRecommendedAge>1d</ns2:earliestRecommendedAge>
        <ns2:latestRecommendedAge>2y</ns2:latestRecommendedAge>
        <ns2:doseVaccine>
            <ns2:preferred>true</ns2:preferred>
            <ns2:vaccine code="93" codeSystem="2.16.840.1.113883.12.292" codeSystemName="CVX" displayName="RSV monoclonal antibody (palivizumab)"/>
        </ns2:doseVaccine>
        <ns2:doseVaccine>
            <ns2:preferred>true</ns2:preferred>
            <ns2:vaccine code="71" codeSystem="2.16.840.1.113883.12.292" codeSystemName="CVX" displayName="RSV immune globulin"/>
        </ns2:doseVaccine>
    </ns2:iceSeriesDose>
    <ns2:iceSeriesDose>
        <ns2:doseNumber>2</ns2:doseNumber>
        <ns2:latestRecommendedAge>2y</ns2:latestRecommendedAge>
        <ns2:doseVaccine>
            <ns2:preferred>true</ns2:preferred>
            <ns2:vaccine code="93" codeSystem="2.16.840.1.113883.12.292" codeSystemName="CVX" displayName="RSV monoclonal antibody (palivizumab)"/>
        </ns2:doseVaccine>
        <ns2:doseVaccine>
            <ns2:preferred>true</ns2:preferred>
            <ns2:vaccine code="71" codeSystem="2.16.840.1.113883.12.292" codeSystemName="CVX" displayName="RSV immune globulin"/>
        </ns2:doseVaccine>
    </ns2:iceSeriesDose>
    <ns2:iceSeriesDose>
        <ns2:doseNumber>3</ns2:doseNumber>
        <ns2:latestRecommendedAge>2y</ns2:latestRecommendedAge>
        <ns2:doseVaccine>
            <ns2:preferred>true</ns2:preferred>
            <ns2:vaccine code="93" codeSystem="2.16.840.1.113883.12.292" codeSystemName="CVX" displayName="RSV monoclonal antibody (palivizumab)"/>
        </ns2:doseVaccine>
        <ns2:doseVaccine>
            <ns2:preferred>true</ns2:preferred>
            <ns2:vaccine code="71" codeSystem="2.16.840.1.113883.12.292" codeSystemName="CVX" displayName="RSV immune globulin"/>
        </ns2:doseVaccine>
    </ns2:iceSeriesDose>
    <ns2:iceSeriesDose>
        <ns2:doseNumber>4</ns2:doseNumber>
        <ns2:latestRecommendedAge>2y</ns2:latestRecommendedAge>
        <ns2:doseVaccine>
            <ns2:preferred>true</ns2:preferred>
            <ns2:vaccine code="93" codeSystem="2.16.840.1.113883.12.292" codeSystemName="CVX" displayName="RSV monoclonal antibody (palivizumab)"/>
        </ns2:doseVaccine>
        <ns2:doseVaccine>
            <ns2:preferred>true</ns2:preferred>
            <ns2:vaccine code="71" codeSystem="2.16.840.1.113883.12.292" codeSystemName="CVX" displayName="RSV immune globulin"/>
        </ns2:doseVaccine>
    </ns2:iceSeriesDose>
    <ns2:iceSeriesDose>
        <ns2:doseNumber>5</ns2:doseNumber>
        <ns2:latestRecommendedAge>2y</ns2:latestRecommendedAge>
        <ns2:doseVaccine>
            <ns2:preferred>true</ns2:preferred>
            <ns2:vaccine code="93" codeSystem="2.16.840.1.113883.12.292" codeSystemName="CVX" displayName="RSV monoclonal antibody (palivizumab)"/>
        </ns2:doseVaccine>
        <ns2:doseVaccine>
            <ns2:preferred>true</ns2:preferred>
            <ns2:vaccine code="71" codeSystem="2.16.840.1.113883.12.292" codeSystemName="CVX" displayName="RSV immune globulin"/>
        </ns2:doseVaccine>
    </ns2:iceSeriesDose>
    <ns2:iceSeriesDose>
        <ns2:doseNumber>6</ns2:doseNumber>
        <ns2:latestRecommendedAge>2y</ns2:latestRecommendedAge>
        <ns2:doseVaccine>
            <ns2:preferred>true</ns2:preferred>
            <ns2:vaccine code="93" codeSystem="2.16.840.1.113883.12.292" codeSystemName="CVX" displayName="RSV monoclonal antibody (palivizumab)"/>
        </ns2:doseVaccine>
        <ns2:doseVaccine>
            <ns2:preferred>true</ns2:preferred>
            <ns2:vaccine code="71" codeSystem="2.16.840.1.113883.12.292" codeSystemName="CVX" displayName="RSV immune globulin"/>
        </ns2:doseVaccine>
    </ns2:iceSeriesDose>
    <!--<ns2:seasonCode>DefaultRSVSeason</ns2:seasonCode>-->
</ns2:iceSeriesSpecificationFile>
