<?xml version="1.0" encoding="UTF-8" standalone="yes"?>
<ns2:iceSeriesSpecificationFile xmlns:ns2="org.cdsframework.util.support.data.ice.series">
    <ns2:seriesId>7a59d35888eeee6ccddbb9c84d971394</ns2:seriesId>
    <ns2:name>Zoster Series</ns2:name>
    <ns2:code>ZosterSeries</ns2:code>
    <ns2:cdsVersion>gov.nyc.cir^ICE^1.0.0</ns2:cdsVersion>
	<ns2:doseInterval>
        <ns2:fromDoseNumber>1</ns2:fromDoseNumber>
        <ns2:toDoseNumber>2</ns2:toDoseNumber>
        <ns2:absoluteMinimumInterval>24d</ns2:absoluteMinimumInterval>
        <ns2:minimumInterval>28d</ns2:minimumInterval>
        <ns2:earliestRecommendedInterval>56d</ns2:earliestRecommendedInterval>
        <ns2:latestRecommendedInterval>7m+4w</ns2:latestRecommendedInterval>
    </ns2:doseInterval>
    <ns2:numberOfDosesInSeries>2</ns2:numberOfDosesInSeries>
    <ns2:vaccineGroup code="620" codeSystem="2.16.840.1.113883.3.795.12.100.1" codeSystemName="ICE Vaccine Group" displayName="Zoster"/>
    <ns2:iceSeriesDose>
        <ns2:doseNumber>1</ns2:doseNumber>
        <ns2:absoluteMinimumAge>18y</ns2:absoluteMinimumAge>
        <ns2:minimumAge>50y</ns2:minimumAge>
        <ns2:earliestRecommendedAge>50y</ns2:earliestRecommendedAge>
        <ns2:doseVaccine>
            <ns2:preferred>false</ns2:preferred>
            <ns2:vaccine code="121" codeSystem="2.16.840.1.113883.12.292" codeSystemName="CVX" displayName="Zoster vaccine, live"/>
        </ns2:doseVaccine>
        <ns2:doseVaccine>
            <ns2:preferred>true</ns2:preferred>
            <ns2:vaccine code="187" codeSystem="2.16.840.1.113883.12.292" codeSystemName="CVX" displayName="Zoster recombinant"/>
        </ns2:doseVaccine>
        <ns2:doseVaccine>
            <ns2:preferred>false</ns2:preferred>
            <ns2:vaccine code="188" codeSystem="2.16.840.1.113883.12.292" codeSystemName="CVX" displayName="Zoster, unspecified formulation"/>
        </ns2:doseVaccine>
    </ns2:iceSeriesDose>
    <ns2:iceSeriesDose>
        <ns2:doseNumber>2</ns2:doseNumber>
        <ns2:absoluteMinimumAge>50y</ns2:absoluteMinimumAge>
        <ns2:minimumAge>50y</ns2:minimumAge>
        <ns2:earliestRecommendedAge>50y</ns2:earliestRecommendedAge>
        <ns2:doseVaccine>
            <ns2:preferred>false</ns2:preferred>
            <ns2:vaccine code="121" codeSystem="2.16.840.1.113883.12.292" codeSystemName="CVX" displayName="Zoster vaccine, live"/>
        </ns2:doseVaccine>
        <ns2:doseVaccine>
            <ns2:preferred>true</ns2:preferred>
            <ns2:vaccine code="187" codeSystem="2.16.840.1.113883.12.292" codeSystemName="CVX" displayName="Zoster recombinant"/>
        </ns2:doseVaccine>
        <ns2:doseVaccine>
            <ns2:preferred>false</ns2:preferred>
            <ns2:vaccine code="188" codeSystem="2.16.840.1.113883.12.292" codeSystemName="CVX" displayName="Zoster, unspecified formulation"/>
        </ns2:doseVaccine>
    </ns2:iceSeriesDose>
</ns2:iceSeriesSpecificationFile>
