<?xml version="1.0" encoding="UTF-8"?>
<ns2:cdsListSpecificationFile
	xmlns:ns2="org.cdsframework.util.support.data.cds.list">
	<listId>V1f305bc0568822e2608f22be9d1bac9c</listId>
	<code>VACCINE_GROUP_CONCEPT</code>
	<name>ICE Vaccine Groups</name>
	<listType>CODE_SYSTEM</listType>
	<description>Supported Vaccine Groups</description>
	<codeSystem>2.16.840.1.113883.3.795.12.100.1</codeSystem>
	<codeSystemName>Vaccine Groups</codeSystemName>
	<cdsListItem>
		<cdsListItemKey>100</cdsListItemKey>
		<cdsListItemValue>Hep B Vaccine Group</cdsListItemValue>
		<cdsListItemConceptMapping>
			<code>VACCINE_GROUP_CONCEPT_HEPB</code>
			<displayName>Hepatitis B vaccine group</displayName>
		</cdsListItemConceptMapping>
	</cdsListItem>
	<cdsListItem>
		<cdsListItemKey>200</cdsListItemKey>
		<cdsListItemValue>DTP Vaccine Group</cdsListItemValue>
		<cdsListItemConceptMapping>
			<code>VACCINE_GROUP_CONCEPT_DTP</code>
			<displayName>DTP vaccine group</displayName>
		</cdsListItemConceptMapping>
	</cdsListItem>
	<cdsListItem>
		<cdsListItemKey>810</cdsListItemKey>
		<cdsListItemValue>Hep A Vaccine Group</cdsListItemValue>
		<cdsListItemConceptMapping>
			<code>VACCINE_GROUP_CONCEPT_HEPA</code>
			<displayName>Hepatitis A vaccine group</displayName>
		</cdsListItemConceptMapping>
	</cdsListItem>
	<cdsListItem>
		<cdsListItemKey>800</cdsListItemKey>
		<cdsListItemValue>Influenza Vaccine Group</cdsListItemValue>
		<cdsListItemConceptMapping>
			<code>VACCINE_GROUP_CONCEPT_INFLUENZA</code>
			<displayName>Influenza vaccine group</displayName>
		</cdsListItemConceptMapping>
	</cdsListItem>
	<cdsListItem>
		<cdsListItemKey>890</cdsListItemKey>
		<cdsListItemValue>H1N1 Influenza Vaccine Group</cdsListItemValue>
		<cdsListItemConceptMapping>
			<code>VACCINE_GROUP_CONCEPT_H1N1</code>
			<displayName>Influenza vaccine group</displayName>
		</cdsListItemConceptMapping>
	</cdsListItem>
	<cdsListItem>
		<cdsListItemKey>300</cdsListItemKey>
		<cdsListItemValue>Hib Vaccine Group</cdsListItemValue>
		<cdsListItemConceptMapping>
			<code>VACCINE_GROUP_CONCEPT_HIB</code>
			<displayName>Hib vaccine group</displayName>
		</cdsListItemConceptMapping>
	</cdsListItem>
	<cdsListItem>
		<cdsListItemKey>840</cdsListItemKey>
		<cdsListItemValue>HPV Vaccine Group</cdsListItemValue>
		<cdsListItemConceptMapping>
			<code>VACCINE_GROUP_CONCEPT_HPV</code>
			<displayName>HPV vaccine group</displayName>
		</cdsListItemConceptMapping>
	</cdsListItem>
	<cdsListItem>
		<cdsListItemKey>500</cdsListItemKey>
		<cdsListItemValue>MMR Vaccine Group</cdsListItemValue>
		<cdsListItemConceptMapping>
			<code>VACCINE_GROUP_CONCEPT_MMR</code>
			<displayName>MMR vaccine group</displayName>
		</cdsListItemConceptMapping>
	</cdsListItem>
	<cdsListItem>
		<cdsListItemKey>600</cdsListItemKey>
		<cdsListItemValue>Varicella Vaccine Group</cdsListItemValue>
		<cdsListItemConceptMapping>
			<code>VACCINE_GROUP_CONCEPT_VARICELLA</code>
			<displayName>Varicella vaccine group</displayName>
		</cdsListItemConceptMapping>
	</cdsListItem>
	<cdsListItem>
		<cdsListItemKey>750</cdsListItemKey>
		<cdsListItemValue>Pneumococcal Vaccine Group</cdsListItemValue>
		<cdsListItemConceptMapping>
			<code>VACCINE_GROUP_CONCEPT_PNEUMOCOCCAL</code>
			<displayName>Pneumococcal vaccine group</displayName>
		</cdsListItemConceptMapping>
	</cdsListItem>
	<cdsListItem>
		<cdsListItemKey>820</cdsListItemKey>
		<cdsListItemValue>Rotavirus Vaccine Group</cdsListItemValue>
		<cdsListItemConceptMapping>
			<code>VACCINE_GROUP_CONCEPT_ROTAVIRUS</code>
			<displayName>Rotavirus vaccine group</displayName>
		</cdsListItemConceptMapping>
	</cdsListItem>
	<cdsListItem>
		<cdsListItemKey>830</cdsListItemKey>
		<cdsListItemValue>Meningococcal Vaccine Group</cdsListItemValue>
		<cdsListItemConceptMapping>
			<code>VACCINE_GROUP_CONCEPT_MENINGOCOCCAL</code>
			<displayName>Meningococcal vaccine group</displayName>
		</cdsListItemConceptMapping>
	</cdsListItem>
	<cdsListItem>
		<cdsListItemKey>400</cdsListItemKey>
		<cdsListItemValue>Polio Vaccine Group</cdsListItemValue>
		<cdsListItemConceptMapping>
			<code>VACCINE_GROUP_CONCEPT_POLIO</code>
			<displayName>Polio vaccine group</displayName>
		</cdsListItemConceptMapping>
	</cdsListItem>
		<cdsListItem>
		<cdsListItemKey>620</cdsListItemKey>
		<cdsListItemValue>Zoster Vaccine Group</cdsListItemValue>
		<cdsListItemConceptMapping>
			<code>VACCINE_GROUP_CONCEPT_ZOSTER</code>
			<displayName>Zoster vaccine group</displayName>
		</cdsListItemConceptMapping>
	</cdsListItem>
	<cdsListItem>
		<cdsListItemKey>835</cdsListItemKey>
		<cdsListItemValue>Meningococcal B Vaccine Group</cdsListItemValue>
		<cdsListItemConceptMapping>
			<code>VACCINE_GROUP_CONCEPT_MENINGOCOCCAL_B</code>
			<displayName>Meningococcal B vaccine group</displayName>
		</cdsListItemConceptMapping>
	</cdsListItem>
	<cdsListItem>
		<cdsListItemKey>850</cdsListItemKey>
		<cdsListItemValue>COVID-19 Vaccine Group</cdsListItemValue>
		<cdsListItemConceptMapping>
			<code>VACCINE_GROUP_CONCEPT_COVID19</code>
			<displayName>COVID-19 vaccine group</displayName>
		</cdsListItemConceptMapping>
	</cdsListItem>
	<cdsListItem>
		<cdsListItemKey>905</cdsListItemKey>
		<cdsListItemValue>RSV Injection Group</cdsListItemValue>
		<cdsListItemConceptMapping>
			<code>VACCINE_GROUP_CONCEPT_RSV</code>
			<displayName>RSV injection group</displayName>
		</cdsListItemConceptMapping>
	</cdsListItem>
	<cdsListItem>
		<cdsListItemKey>860</cdsListItemKey>
		<cdsListItemValue>Orthopoxvirus Vaccine Group</cdsListItemValue>
		<cdsListItemConceptMapping>
			<code>VACCINE_GROUP_CONCEPT_ORTHOPOXVIRUS</code>
			<displayName>Orthopoxvirus Vaccine Group</displayName>
		</cdsListItemConceptMapping>
	</cdsListItem>
	<cdsVersion>gov.nyc.cir^ICE^1.0.0</cdsVersion>
</ns2:cdsListSpecificationFile>
