<?xml version="1.0" encoding="UTF-8" standalone="yes"?>
<ns2:cdsListSpecificationFile xmlns:ns2="org.cdsframework.util.support.data.cds.list">
    <listId>1f30111T5bc0568822e2608f22be9d1bac9c</listId>
    <code>SUPPORTED_DISEASE_CONCEPT</code>
    <name>Supported Disease Concept</name>
    <listType>CODE_SYSTEM</listType>
    <description>Supported Disease Concept</description>
    <codeSystem>2.16.840.1.113883.6.103</codeSystem>
    <codeSystemName>ICD-9-CM Disease Codes</codeSystemName>
    <cdsListItem>
    	<cdsListItemKey>036.9</cdsListItemKey>
    	<cdsListItemValue>Meningococcal</cdsListItemValue>
    </cdsListItem>
    <cdsListItem>
    	<cdsListItemKey>488.1</cdsListItemKey>
    	<cdsListItemValue>H1N1 Influenza</cdsListItemValue>
    </cdsListItem>    
    <cdsListItem>
    	<cdsListItemKey>795.0</cdsListItemKey>
    	<cdsListItemValue>HPV</cdsListItemValue>
    </cdsListItem>    
    <cdsListItem>
    	<cdsListItemKey>481</cdsListItemKey>
    	<cdsListItemValue>Pneumococcal Pneumonia</cdsListItemValue>
    </cdsListItem>
	<cdsListItem>
    	<cdsListItemKey>487</cdsListItemKey>
    	<cdsListItemValue>Influenza</cdsListItemValue>
    </cdsListItem>    
    <cdsListItem>
        <cdsListItemKey>037</cdsListItemKey>
        <cdsListItemValue>Tetanus</cdsListItemValue>
    </cdsListItem>    
    <cdsListItem>
        <cdsListItemKey>032.9</cdsListItemKey>
        <cdsListItemValue>Diphtheria</cdsListItemValue>
    </cdsListItem>
    <cdsListItem>
        <cdsListItemKey>033.9</cdsListItemKey>
        <cdsListItemValue>Pertussis</cdsListItemValue>
    </cdsListItem>  
    <cdsListItem>
        <cdsListItemKey>045.9</cdsListItemKey>
        <cdsListItemValue>Polio</cdsListItemValue>
    </cdsListItem>
    <cdsListItem>
        <cdsListItemKey>070.30</cdsListItemKey>
        <cdsListItemValue>Hepatitis B</cdsListItemValue>
	    <cdsListItemConceptMapping>       <!-- OpenCDS concept needed here due to immunity rules for Hep B -->
            <code>ICE997</code>
            <displayName>Hepatitis B</displayName>
        </cdsListItemConceptMapping>
    </cdsListItem>
	<cdsListItem>
		<cdsListItemKey>070.1</cdsListItemKey>
		<cdsListItemValue>Hepatitis A</cdsListItemValue>
		<cdsListItemConceptMapping>       <!-- OpenCDS concept needed here due to immunity rules for Hep A -->
			<code>ICE996</code>
			<displayName>Hepatitis A</displayName>
		</cdsListItemConceptMapping>
	</cdsListItem>
	<cdsListItem>
		<cdsListItemKey>055.9</cdsListItemKey>
		<cdsListItemValue>Measles</cdsListItemValue>
		<cdsListItemConceptMapping>       <!-- OpenCDS concept needed here due to immunity rules for measles -->
			<code>ICE995</code>
			<displayName>Measles</displayName>
		</cdsListItemConceptMapping>
	</cdsListItem>
	<cdsListItem>
		<cdsListItemKey>072.9</cdsListItemKey>
		<cdsListItemValue>Mumps</cdsListItemValue>
		<cdsListItemConceptMapping>       <!-- OpenCDS concept needed here due to immunity rules for mumps -->
			<code>ICE994</code>
			<displayName>Mumps</displayName>
		</cdsListItemConceptMapping>
	</cdsListItem>
	<cdsListItem>
		<cdsListItemKey>056.9</cdsListItemKey>
		<cdsListItemValue>Rubella</cdsListItemValue>
		<cdsListItemConceptMapping>       <!-- OpenCDS concept needed here due to immunity rules for rubella -->
			<code>ICE993</code>
			<displayName>Rubella</displayName>
		</cdsListItemConceptMapping>
	</cdsListItem>
	<cdsListItem>
		<cdsListItemKey>052.9</cdsListItemKey>
		<cdsListItemValue>Varicella</cdsListItemValue>
		<cdsListItemConceptMapping>       <!-- OpenCDS concept needed here due to immunity rules for varicella -->
			<code>ICE992</code>
			<displayName>Varicella</displayName>
		</cdsListItemConceptMapping>
	</cdsListItem>
	<cdsListItem>
		<cdsListItemKey>008.61</cdsListItemKey>
		<cdsListItemValue>Rotavirus</cdsListItemValue>
		<cdsListItemConceptMapping>       <!-- OpenCDS concept needed here due to immunity rules for rotavirus -->
			<code>ICE991</code>
			<displayName>Rotavirus</displayName>
		</cdsListItemConceptMapping>
	</cdsListItem>
	<cdsListItem>
		<cdsListItemKey>482.2</cdsListItemKey>
		<cdsListItemValue>Hib</cdsListItemValue>
		<cdsListItemConceptMapping>
			<code>ICE990</code>
			<displayName>Hib</displayName>
		</cdsListItemConceptMapping>
	</cdsListItem>
		<cdsListItem>
		<cdsListItemKey>053.9</cdsListItemKey>
		<cdsListItemValue>Zoster</cdsListItemValue>
		<cdsListItemConceptMapping>
			<code>ICE1011</code>
			<displayName>Zoster</displayName>
		</cdsListItemConceptMapping>
	</cdsListItem>
	<cdsListItem>
		<cdsListItemKey>079.89</cdsListItemKey>
		<cdsListItemValue>Coronavirus (unspecified)</cdsListItemValue>
		<cdsListItemConceptMapping>
			<code>ICE07989</code>
			<displayName>Coronavirus (unspecified)</displayName>
		</cdsListItemConceptMapping>
	</cdsListItem>
	<cdsListItem>
		<cdsListItemKey>079.6</cdsListItemKey>
		<cdsListItemValue>Respiratory syncytial virus</cdsListItemValue>
		<cdsListItemConceptMapping>
			<code>ICE0796</code>
			<displayName>Respiratory syncytial virus</displayName>
		</cdsListItemConceptMapping>
	</cdsListItem>
	<cdsListItem>
		<cdsListItemKey>059.00</cdsListItemKey>
		<cdsListItemValue>Orthopoxvirus (unspecified)</cdsListItemValue>
		<cdsListItemConceptMapping>
			<code>ICE07990</code>
			<displayName>Orthopoxvirus (unspecified)</displayName>
		</cdsListItemConceptMapping>
	</cdsListItem>
	<cdsVersion>gov.nyc.cir^ICE^1.0.0</cdsVersion>
</ns2:cdsListSpecificationFile>