<?xml version="1.0" encoding="UTF-8" standalone="yes"?>
<ns2:cdsListSpecificationFile xmlns:ns2="org.cdsframework.util.support.data.cds.list">
	<listId>1f30111EET5bc0568822e2608f22be9d1bac9c</listId>
	<code>SUPPORTED_VACCINES</code>
	<name>Supported Vaccines</name>
	<listType>CODE_SYSTEM</listType>
	<description>Supported Vaccines</description>
	<codeSystem>2.16.840.1.113883.12.292</codeSystem>
	<codeSystemName>Vaccines (CVX)</codeSystemName>
	<cdsListItem>
		<cdsListItemKey>138</cdsListItemKey>
		<cdsListItemValue>Td (adult, not absorbed)</cdsListItemValue>
		<cdsListItemConceptMapping>
			<code>ICE138</code>
			<displayName>Td (adult, not absorbed)</displayName>
		</cdsListItemConceptMapping>
	</cdsListItem>
	<cdsListItem>
		<cdsListItemKey>139</cdsListItemKey>
		<cdsListItemValue>Td (adult) NOS</cdsListItemValue>
		<cdsListItemConceptMapping>
			<code>ICE139</code>
			<displayName>Td (adult) NOS</displayName>
		</cdsListItemConceptMapping>
	</cdsListItem>
	<cdsListItem>
		<cdsListItemKey>132</cdsListItemKey>
		<cdsListItemValue>DTaP-IPV-Hib-HepB, historical</cdsListItemValue>
		<cdsListItemConceptMapping>
			<code>ICE132</code>
			<displayName>DTaP-IPV-Hib-HepB, historical</displayName>
		</cdsListItemConceptMapping>
	</cdsListItem>
	<cdsListItem>
		<cdsListItemKey>146</cdsListItemKey>
		<cdsListItemValue>DTaP-IPV-Hib-HepB</cdsListItemValue>
		<cdsListItemConceptMapping>
			<code>ICE146</code>
			<displayName>DTaP-IPV-Hib-HepB</displayName>
		</cdsListItemConceptMapping>
	</cdsListItem>
	<cdsListItem>
		<cdsListItemKey>106</cdsListItemKey>
		<cdsListItemValue>DT, PediatricDTaP, 5 pertussis antigens</cdsListItemValue>
		<cdsListItemConceptMapping>
			<code>ICE106</code>
			<displayName>DTaP, 5 pertussis antigens</displayName>
		</cdsListItemConceptMapping>
	</cdsListItem>
	<cdsListItem>
		<cdsListItemKey>28</cdsListItemKey>
		<cdsListItemValue>DT, Pediatric</cdsListItemValue>
		<cdsListItemConceptMapping>
			<code>ICE28</code>
			<displayName>DT, Pediatric</displayName>
		</cdsListItemConceptMapping>
	</cdsListItem>
	<cdsListItem>
		<cdsListItemKey>11</cdsListItemKey>
		<cdsListItemValue>Pertussis</cdsListItemValue>
		<cdsListItemConceptMapping>
			<code>ICE11</code>
			<displayName>Pertussis</displayName>
		</cdsListItemConceptMapping>
	</cdsListItem>
	<cdsListItem>
		<cdsListItemKey>09</cdsListItemKey>
		<cdsListItemValue>Td, adult, absorbed</cdsListItemValue>
		<cdsListItemConceptMapping>
			<code>ICE09</code>
			<displayName>Td, adult, absorbed</displayName>
		</cdsListItemConceptMapping>
	</cdsListItem>
	<cdsListItem>
		<cdsListItemKey>103</cdsListItemKey>
		<cdsListItemValue>meningococcal C conjugate</cdsListItemValue>
		<cdsListItemConceptMapping>
			<code>ICE103</code>
			<displayName>meningococcal C conjugate</displayName>
		</cdsListItemConceptMapping>
	</cdsListItem>
	<cdsListItem>
		<cdsListItemKey>115</cdsListItemKey>
		<cdsListItemValue>Tdap</cdsListItemValue>
		<cdsListItemConceptMapping>
			<code>ICE115</code>
			<displayName>Tdap</displayName>
		</cdsListItemConceptMapping>
	</cdsListItem>
	<cdsListItem>
		<cdsListItemKey>08</cdsListItemKey>
		<cdsListItemValue>Hep B peds, less than 20yrs</cdsListItemValue>
		<cdsListItemConceptMapping>
			<code>ICE08</code>
			<displayName>Hep B peds, less than 20yrs</displayName>
		</cdsListItemConceptMapping>
	</cdsListItem>
	<cdsListItem>
		<cdsListItemKey>45</cdsListItemKey>
		<cdsListItemValue>Hep B NOS</cdsListItemValue>
		<cdsListItemConceptMapping>
			<code>ICE45</code>
			<displayName>Hep NOS</displayName>
		</cdsListItemConceptMapping>
	</cdsListItem>
	<cdsListItem>
		<cdsListItemKey>52</cdsListItemKey>
		<cdsListItemValue>Hep A, adult</cdsListItemValue>
		<cdsListItemConceptMapping>
			<code>ICE52</code>
			<displayName>Hep NOS</displayName>
		</cdsListItemConceptMapping>
	</cdsListItem>
	<cdsListItem>
		<cdsListItemKey>113</cdsListItemKey>
		<cdsListItemValue>Td</cdsListItemValue>
		<cdsListItemConceptMapping>
			<code>ICE113</code>
			<displayName>Td</displayName>
		</cdsListItemConceptMapping>
	</cdsListItem>
	<cdsListItem>
		<cdsListItemKey>107</cdsListItemKey>
		<cdsListItemValue>DTaP NOS</cdsListItemValue>
		<cdsListItemConceptMapping>
			<code>ICE107</code>
			<displayName>DTaP NOS</displayName>
		</cdsListItemConceptMapping>
	</cdsListItem>
	<cdsListItem>
		<cdsListItemKey>42</cdsListItemKey>
		<cdsListItemValue>Hep B Dialysis</cdsListItemValue>
		<cdsListItemConceptMapping>
			<code>ICE42</code>
			<displayName>Hep B Dialysis</displayName>
		</cdsListItemConceptMapping>
	</cdsListItem>
	<cdsListItem>
		<cdsListItemKey>44</cdsListItemKey>
		<cdsListItemValue>Hep B NOS</cdsListItemValue>
		<cdsListItemConceptMapping>
			<code>ICE44</code>
			<displayName>Hep B NOS</displayName>
		</cdsListItemConceptMapping>
	</cdsListItem>
	<cdsListItem>
		<cdsListItemKey>43</cdsListItemKey>
		<cdsListItemValue>Hep B adult >=20 yrs</cdsListItemValue>
		<cdsListItemConceptMapping>
			<code>ICE43</code>
			<displayName>Hep B adult >=20 yrs</displayName>
		</cdsListItemConceptMapping>
	</cdsListItem>
	<cdsListItem>
		<cdsListItemKey>189</cdsListItemKey>
		<cdsListItemValue>Hep B, adjuvanted</cdsListItemValue>
		<cdsListItemConceptMapping>
			<code>ICE189</code>
			<displayName>Hep B, adjuvanted</displayName>
		</cdsListItemConceptMapping>
	</cdsListItem>
	<cdsListItem>
		<cdsListItemKey>220</cdsListItemKey>
		<cdsListItemValue>HepB recombinant, 3-antigen, Al(OH)3</cdsListItemValue>
		<cdsListItemConceptMapping>
			<code>ICE220</code>
			<displayName>HepB recombinant, 3-antigen, Al(OH)3</displayName>
		</cdsListItemConceptMapping>
	</cdsListItem>
	<cdsListItem>
		<cdsListItemKey>83</cdsListItemKey>
		<cdsListItemValue>Hep A ped/adol 2 dose</cdsListItemValue>
		<cdsListItemConceptMapping>
			<code>ICE83</code>
			<displayName>Hep A ped/adol 2 dose</displayName>
		</cdsListItemConceptMapping>
	</cdsListItem>
	<cdsListItem>
		<cdsListItemKey>84</cdsListItemKey>
		<cdsListItemValue>Hep A ped/adol 3 dose</cdsListItemValue>
		<cdsListItemConceptMapping>
			<code>ICE84</code>
			<displayName>Hep A ped/adol 3 dose</displayName>
		</cdsListItemConceptMapping>
	</cdsListItem>
	<cdsListItem>
		<cdsListItemKey>31</cdsListItemKey>
		<cdsListItemValue>Hep A pediatric NOS</cdsListItemValue>
		<cdsListItemConceptMapping>
			<code>ICE31</code>
			<displayName>Hep A pediatric NOS</displayName>
		</cdsListItemConceptMapping>
	</cdsListItem>
	<cdsListItem>
		<cdsListItemKey>85</cdsListItemKey>
		<cdsListItemValue>Hep A NOS</cdsListItemValue>
		<cdsListItemConceptMapping>
			<code>ICE85</code>
			<displayName>Hep A NOS</displayName>
		</cdsListItemConceptMapping>
	</cdsListItem>
	<cdsListItem>
		<cdsListItemKey>15</cdsListItemKey>
		<cdsListItemValue>Influenza, split</cdsListItemValue>
		<cdsListItemConceptMapping>
			<code>ICE15</code>
			<displayName>Influenza, split</displayName>
		</cdsListItemConceptMapping>
	</cdsListItem>
	<cdsListItem>
		<cdsListItemKey>16</cdsListItemKey>
		<cdsListItemValue>Influenza, whole</cdsListItemValue>
		<cdsListItemConceptMapping>
			<code>ICE16</code>
			<displayName>Influenza, whole</displayName>
		</cdsListItemConceptMapping>
	</cdsListItem>
	<cdsListItem>
		<cdsListItemKey>88</cdsListItemKey>
		<cdsListItemValue>Influenza, unspecified formulation</cdsListItemValue>
		<cdsListItemConceptMapping>
			<code>ICE88</code>
			<displayName>Influenza, unspecified formulation</displayName>
		</cdsListItemConceptMapping>
	</cdsListItem>
	<cdsListItem>
		<cdsListItemKey>111</cdsListItemKey>
		<cdsListItemValue>Influenza, live, intranasal</cdsListItemValue>
		<cdsListItemConceptMapping>
			<code>ICE111</code>
			<displayName>Influenza, live, intranasal</displayName>
		</cdsListItemConceptMapping>
	</cdsListItem>
	<cdsListItem>
		<cdsListItemKey>135</cdsListItemKey>
		<cdsListItemValue>Influenza, high dose, seasonal</cdsListItemValue>
		<cdsListItemConceptMapping>
			<code>ICE135</code>
			<displayName>Influenza, high dose, seasonal</displayName>
		</cdsListItemConceptMapping>
	</cdsListItem>
	<cdsListItem>
		<cdsListItemKey>140</cdsListItemKey>
		<cdsListItemValue>Influenza, seasonal, injectable, preservative free</cdsListItemValue>
		<cdsListItemConceptMapping>
			<code>ICE140</code>
			<displayName>Influenza, seasonal, injectable, preservative free</displayName>
		</cdsListItemConceptMapping>
	</cdsListItem>
	<cdsListItem>
		<cdsListItemKey>141</cdsListItemKey>
		<cdsListItemValue>Influenza, seasonal, injectable</cdsListItemValue>
		<cdsListItemConceptMapping>
			<code>ICE141</code>
			<displayName>Influenza, seasonal, injectable</displayName>
		</cdsListItemConceptMapping>
	</cdsListItem>
	<cdsListItem>
		<cdsListItemKey>144</cdsListItemKey>
		<cdsListItemValue>Influenza, seasonal, intradermal, preservative free</cdsListItemValue>
		<cdsListItemConceptMapping>
			<code>ICE144</code>
			<displayName>Influenza, seasonal, intradermal, preservative free</displayName>
		</cdsListItemConceptMapping>
	</cdsListItem>
	<cdsListItem>
		<cdsListItemKey>149</cdsListItemKey>
		<cdsListItemValue>Influenza, live, intranasal, quadrivalent</cdsListItemValue>
		<cdsListItemConceptMapping>
			<code>ICE149</code>
			<displayName>Influenza, live, intranasal, quadrivalent</displayName>
		</cdsListItemConceptMapping>
	</cdsListItem>
	<cdsListItem>
		<cdsListItemKey>150</cdsListItemKey>
		<cdsListItemValue>Influenza, injectable, quadrivalent, preservative free</cdsListItemValue>
		<cdsListItemConceptMapping>
			<code>ICE150</code>
			<displayName>Influenza, injectable, quadrivalent, preservative free</displayName>
		</cdsListItemConceptMapping>
	</cdsListItem>
	<cdsListItem>
		<cdsListItemKey>151</cdsListItemKey>
		<cdsListItemValue>Influenza nasal, unspecified formulation</cdsListItemValue>
		<cdsListItemConceptMapping>
			<code>ICE151</code>
			<displayName>Influenza nasal, unspecified formulation</displayName>
		</cdsListItemConceptMapping>
	</cdsListItem>
	<cdsListItem>
		<cdsListItemKey>153</cdsListItemKey>
		<cdsListItemValue>Influenza, injectable, MDCK, preservative free</cdsListItemValue>
		<cdsListItemConceptMapping>
			<code>ICE153</code>
			<displayName>Influenza, injectable, MDCK, preservative free</displayName>
		</cdsListItemConceptMapping>
	</cdsListItem>
	<cdsListItem>
		<cdsListItemKey>155</cdsListItemKey>
		<cdsListItemValue>Influenza, recombinant, injectable, preservative free</cdsListItemValue>
		<cdsListItemConceptMapping>
			<code>ICE155</code>
			<displayName>Influenza, recombinant, injectable, preservative free</displayName>
		</cdsListItemConceptMapping>
	</cdsListItem>
	<cdsListItem>
		<cdsListItemKey>158</cdsListItemKey>
		<cdsListItemValue>Influenza-IIV, IM (>3yrs)</cdsListItemValue>
		<cdsListItemConceptMapping>
			<code>ICE158</code>
			<displayName>Influenza-IIV, IM (>3yrs)</displayName>
		</cdsListItemConceptMapping>
	</cdsListItem>
	<cdsListItem>
		<cdsListItemKey>161</cdsListItemKey>
		<cdsListItemValue>Influenza, injectable, quadrivalent, preservative free, pediatric</cdsListItemValue>
		<cdsListItemConceptMapping>
			<code>ICE161</code>
			<displayName>Influenza, injectable, quadrivalent, preservative free, pediatric</displayName>
		</cdsListItemConceptMapping>
	</cdsListItem>
	<cdsListItem>
		<cdsListItemKey>166</cdsListItemKey>
		<cdsListItemValue>Influenza, intradermal, quadrivalent, preservative free, injectable</cdsListItemValue>
		<cdsListItemConceptMapping>
			<code>ICE166</code>
			<displayName>Influenza, intradermal, quadrivalent, preservative free, injectable</displayName>
		</cdsListItemConceptMapping>
	</cdsListItem>
	<cdsListItem>
		<cdsListItemKey>168</cdsListItemKey>
		<cdsListItemValue>Influena, seasonal trivalent, adjuvanted, preservative free</cdsListItemValue>
		<cdsListItemConceptMapping>
			<code>ICE168</code>
			<displayName>Influenza, seasonal trivalent, adjuvanted, preservative free</displayName>
		</cdsListItemConceptMapping>
	</cdsListItem>
	<cdsListItem>
		<cdsListItemKey>170</cdsListItemKey>
		<cdsListItemValue>DTaP-IPV-Hib</cdsListItemValue>
		<cdsListItemConceptMapping>
			<code>ICE170</code>
			<displayName>DTaP-IPV-Hib</displayName>
		</cdsListItemConceptMapping>
	</cdsListItem>
	<cdsListItem>
		<cdsListItemKey>171</cdsListItemKey>
		<cdsListItemValue>Influenza, injectable, Madin Darby Canine Kidney, preservative free, quadrivalent</cdsListItemValue>
		<cdsListItemConceptMapping>
			<code>ICE171</code>
			<displayName>Influenza, injectable, Madin Darby Canine Kidney, preservative free, quadrivalent</displayName>
		</cdsListItemConceptMapping>
	</cdsListItem>
	<cdsListItem>
		<cdsListItemKey>185</cdsListItemKey>
		<cdsListItemValue>Influenza, recombinant, quadrivalent,injectable, preservative free</cdsListItemValue>
		<cdsListItemConceptMapping>
			<code>ICE185</code>
			<displayName>Influenza, recombinant, quadrivalent,injectable, preservative free</displayName>
		</cdsListItemConceptMapping>
	</cdsListItem>
	<cdsListItem>
		<cdsListItemKey>186</cdsListItemKey>
		<cdsListItemValue>Influenza, injectable, MDCK, quadrivalent</cdsListItemValue>
		<cdsListItemConceptMapping>
			<code>ICE186</code>
			<displayName>Influenza, injectable, MDCK, quadrivalent</displayName>
		</cdsListItemConceptMapping>
	</cdsListItem>
	<cdsListItem>
		<cdsListItemKey>194</cdsListItemKey>
		<cdsListItemValue>Influenza, Southern Hemisphere, unspecified formulation</cdsListItemValue>
		<cdsListItemConceptMapping>
			<code>ICE194</code>
			<displayName>Influenza, Southern Hemisphere, unspecified formulation</displayName>
		</cdsListItemConceptMapping>
	</cdsListItem>
	<cdsListItem>
		<cdsListItemKey>197</cdsListItemKey>
		<cdsListItemValue>Influenza, high dose, quadrivalent</cdsListItemValue>
		<cdsListItemConceptMapping>
			<code>ICE197</code>
			<displayName>Influenza, high dose, quadrivalent</displayName>
		</cdsListItemConceptMapping>
	</cdsListItem>
	<cdsListItem>
		<cdsListItemKey>198</cdsListItemKey>
		<cdsListItemValue>DTP-Hep B-Hib, Pentavalent</cdsListItemValue>
		<cdsListItemConceptMapping>
			<code>ICE198</code>
			<displayName>DTP-Hep B-Hib, Pentavalent</displayName>
		</cdsListItemConceptMapping>
	</cdsListItem>
	<cdsListItem>
		<cdsListItemKey>200</cdsListItemKey>
		<cdsListItemValue>Influenza, Southern Hemisphere, pediatric, preservative free</cdsListItemValue>
		<cdsListItemConceptMapping>
			<code>ICE200</code>
			<displayName>Influenza, Southern Hemisphere, pediatric, preservative free</displayName>
		</cdsListItemConceptMapping>
	</cdsListItem>
	<cdsListItem>
		<cdsListItemKey>201</cdsListItemKey>
		<cdsListItemValue>Influenza, Southern Hemisphere, preservative free</cdsListItemValue>
		<cdsListItemConceptMapping>
			<code>ICE201</code>
			<displayName>Influenza, Southern Hemisphere, preservative free</displayName>
		</cdsListItemConceptMapping>
	</cdsListItem>
	<cdsListItem>
		<cdsListItemKey>202</cdsListItemKey>
		<cdsListItemValue>Influenza, Southern Hemisphere, quadrivalent, with preservative</cdsListItemValue>
		<cdsListItemConceptMapping>
			<code>ICE202</code>
			<displayName>Influenza, Southern Hemisphere, quadrivalent, with preservative</displayName>
		</cdsListItemConceptMapping>
	</cdsListItem>
	<cdsListItem>
		<cdsListItemKey>205</cdsListItemKey>
		<cdsListItemValue>Influenza, seasonal vaccine, quadrivalent, adjuvanted</cdsListItemValue>
		<cdsListItemConceptMapping>
			<code>ICE205</code>
			<displayName>Influenza, seasonal vaccine, quadrivalent, adjuvanted</displayName>
		</cdsListItemConceptMapping>
	</cdsListItem>
	<cdsListItem>
		<cdsListItemKey>125</cdsListItemKey>
		<cdsListItemValue>Novel Influenza-H1N1-09, nasal</cdsListItemValue>
		<cdsListItemConceptMapping>
			<code>ICE125</code>
			<displayName>Novel Influenza-H1N1-09, nasal</displayName>
		</cdsListItemConceptMapping>
	</cdsListItem>
	<cdsListItem>
		<cdsListItemKey>126</cdsListItemKey>
		<cdsListItemValue>Novel Influenza-H1N1-09, preservative-free</cdsListItemValue>
		<cdsListItemConceptMapping>
			<code>ICE126</code>
			<displayName>Novel Influenza-H1N1-09, preservative-free</displayName>
		</cdsListItemConceptMapping>
	</cdsListItem>
	<cdsListItem>
		<cdsListItemKey>127</cdsListItemKey>
		<cdsListItemValue>Novel Influenza-H1N1-09</cdsListItemValue>
		<cdsListItemConceptMapping>
			<code>ICE127</code>
			<displayName>Novel Influenza-H1N1-09</displayName>
		</cdsListItemConceptMapping>
	</cdsListItem>
	<cdsListItem>
		<cdsListItemKey>128</cdsListItemKey>
		<cdsListItemValue>Novel Influenza-H1N1-09, all formulations</cdsListItemValue>
		<cdsListItemConceptMapping>
			<code>ICE128</code>
			<displayName>Novel Influenza-H1N1-09, all formulations</displayName>
		</cdsListItemConceptMapping>
	</cdsListItem>
	<cdsListItem>
		<cdsListItemKey>104</cdsListItemKey>
		<cdsListItemValue>Twinrix</cdsListItemValue>
		<cdsListItemConceptMapping>
			<code>ICE104</code>
			<displayName>Twinrix</displayName>
		</cdsListItemConceptMapping>
	</cdsListItem>
	<cdsListItem>
		<cdsListItemKey>03</cdsListItemKey>
		<cdsListItemValue>MMR</cdsListItemValue>
		<cdsListItemConceptMapping>
			<code>ICE03</code>
			<displayName>MMR</displayName>
		</cdsListItemConceptMapping>
	</cdsListItem>
	<cdsListItem>
		<cdsListItemKey>05</cdsListItemKey>
		<cdsListItemValue>Measles</cdsListItemValue>
		<cdsListItemConceptMapping>
			<code>ICE05</code>
			<displayName>Measles</displayName>
		</cdsListItemConceptMapping>
	</cdsListItem>
	<cdsListItem>
		<cdsListItemKey>06</cdsListItemKey>
		<cdsListItemValue>Rubella</cdsListItemValue>
		<cdsListItemConceptMapping>
			<code>ICE06</code>
			<displayName>Rubella</displayName>
		</cdsListItemConceptMapping>
	</cdsListItem>
	<cdsListItem>
		<cdsListItemKey>07</cdsListItemKey>
		<cdsListItemValue>Mumps</cdsListItemValue>
		<cdsListItemConceptMapping>
			<code>ICE07</code>
			<displayName>Mumps</displayName>
		</cdsListItemConceptMapping>
	</cdsListItem>
	<cdsListItem>
		<cdsListItemKey>04</cdsListItemKey>
		<cdsListItemValue>Measles/Rubella</cdsListItemValue>
		<cdsListItemConceptMapping>
			<code>ICE04</code>
			<displayName>Measles/Rubella</displayName>
		</cdsListItemConceptMapping>
	</cdsListItem>
	<cdsListItem>
		<cdsListItemKey>38</cdsListItemKey>
		<cdsListItemValue>Mumps/Rubella</cdsListItemValue>
		<cdsListItemConceptMapping>
			<code>ICE38</code>
			<displayName>Mumps/Rubella</displayName>
		</cdsListItemConceptMapping>
	</cdsListItem>
	<cdsListItem>
		<cdsListItemKey>21</cdsListItemKey>
		<cdsListItemValue>Varicella</cdsListItemValue>
		<cdsListItemConceptMapping>
			<code>ICE21</code>
			<displayName>Varicella</displayName>
		</cdsListItemConceptMapping>
	</cdsListItem>
	<cdsListItem>
		<cdsListItemKey>94</cdsListItemKey>
		<cdsListItemValue>MMR-Varicella</cdsListItemValue>
		<cdsListItemConceptMapping>
			<code>ICE94</code>
			<displayName>MMR-Varicella</displayName>
		</cdsListItemConceptMapping>
	</cdsListItem>
	<cdsListItem>
		<cdsListItemKey>116</cdsListItemKey>
		<cdsListItemValue>Rotavirus RV5 (RotaTeq, 3 dose)</cdsListItemValue>
		<cdsListItemConceptMapping>
			<code>ICE116</code>
			<displayName>Rotavirus RV5 (RotaTeq, 3 dose)</displayName>
		</cdsListItemConceptMapping>
	</cdsListItem>
	<cdsListItem>
		<cdsListItemKey>119</cdsListItemKey>
		<cdsListItemValue>Rotavirus RV1 (Rotarix, 2 dose)</cdsListItemValue>
		<cdsListItemConceptMapping>
			<code>ICE119</code>
			<displayName>Rotavirus RV1 (Rotarix, 2 dose)</displayName>
		</cdsListItemConceptMapping>
	</cdsListItem>
	<cdsListItem>
		<cdsListItemKey>122</cdsListItemKey>
		<cdsListItemValue>Rotavirus NOS</cdsListItemValue>
		<cdsListItemConceptMapping>
			<code>ICE122</code>
			<displayName>Rotavirus NOS</displayName>
		</cdsListItemConceptMapping>
	</cdsListItem>
	<cdsListItem>
		<cdsListItemKey>74</cdsListItemKey>
		<cdsListItemValue>Rotavirus</cdsListItemValue>
		<cdsListItemConceptMapping>
			<code>ICE74</code>
			<displayName>Rotavirus</displayName>
		</cdsListItemConceptMapping>
	</cdsListItem>
	<cdsListItem>
		<cdsListItemKey>17</cdsListItemKey>
		<cdsListItemValue>Hib NOS</cdsListItemValue>
		<cdsListItemConceptMapping>
			<code>ICE17</code>
			<displayName>Hib NOS</displayName>
		</cdsListItemConceptMapping>
	</cdsListItem>
	<cdsListItem>
		<cdsListItemKey>46</cdsListItemKey>
		<cdsListItemValue>Hib-PRP-D (ProHIBIT)</cdsListItemValue>
		<cdsListItemConceptMapping>
			<code>ICE46</code>
			<displayName>Hib-PRP-D (ProHIBIT)</displayName>
		</cdsListItemConceptMapping>
	</cdsListItem>
	<cdsListItem>
		<cdsListItemKey>47</cdsListItemKey>
		<cdsListItemValue>Hib-HbOC (HibTITER)</cdsListItemValue>
		<cdsListItemConceptMapping>
			<code>ICE47</code>
			<displayName>Hib-HbOC (HibTITER</displayName>
		</cdsListItemConceptMapping>
	</cdsListItem>
	<cdsListItem>
		<cdsListItemKey>48</cdsListItemKey>
		<cdsListItemValue>Hib-PRP-T (ActHIB, Hiberix)</cdsListItemValue>
		<cdsListItemConceptMapping>
			<code>ICE48</code>
			<displayName>Hib-PRP-T (ActHIB, Hiberix)</displayName>
		</cdsListItemConceptMapping>
	</cdsListItem>
	<cdsListItem>
		<cdsListItemKey>49</cdsListItemKey>
		<cdsListItemValue>Hib-PRP-OMP (PedvaxHIB)</cdsListItemValue>
		<cdsListItemConceptMapping>
			<code>ICE49</code>
			<displayName>Hib-PRP-OMP (PedvaxHIB)</displayName>
		</cdsListItemConceptMapping>
	</cdsListItem>
	<cdsListItem>
		<cdsListItemKey>165</cdsListItemKey>
		<cdsListItemValue>HPV9</cdsListItemValue>
		<cdsListItemConceptMapping>
			<code>ICE165</code>
			<displayName>HPV9</displayName>
		</cdsListItemConceptMapping>
	</cdsListItem>
	<cdsListItem>
		<cdsListItemKey>62</cdsListItemKey>
		<cdsListItemValue>HPV Quadrivalent (Gardasil)</cdsListItemValue>
		<cdsListItemConceptMapping>
			<code>ICE62</code>
			<displayName>HPV Quadrivalent (Gardasil)</displayName>
		</cdsListItemConceptMapping>
	</cdsListItem>
	<cdsListItem>
		<cdsListItemKey>118</cdsListItemKey>
		<cdsListItemValue>HPV Bivalent (Cervarix)</cdsListItemValue>
		<cdsListItemConceptMapping>
			<code>ICE118</code>
			<displayName>HPV Bivalent (Cervarix)</displayName>
		</cdsListItemConceptMapping>
	</cdsListItem>
	<cdsListItem>
		<cdsListItemKey>137</cdsListItemKey>
		<cdsListItemValue>HPV NOS</cdsListItemValue>
		<cdsListItemConceptMapping>
			<code>ICE137</code>
			<displayName>HPV NOS</displayName>
		</cdsListItemConceptMapping>
	</cdsListItem>
	<cdsListItem>
		<cdsListItemKey>01</cdsListItemKey>
		<cdsListItemValue>DTP</cdsListItemValue>
		<cdsListItemConceptMapping>
			<code>ICE01</code>
			<displayName>DTP</displayName>
		</cdsListItemConceptMapping>
	</cdsListItem>
	<cdsListItem>
		<cdsListItemKey>20</cdsListItemKey>
		<cdsListItemValue>DTaP</cdsListItemValue>
		<cdsListItemConceptMapping>
			<code>ICE20</code>
			<displayName>DTaP</displayName>
		</cdsListItemConceptMapping>
	</cdsListItem>
	<cdsListItem>
		<cdsListItemKey>102</cdsListItemKey>
		<cdsListItemValue>DTP-Hib-HepB</cdsListItemValue>
		<cdsListItemConceptMapping>
			<code>ICE102</code>
			<displayName>DTP-Hib-HepB</displayName>
		</cdsListItemConceptMapping>
	</cdsListItem>
	<cdsListItem>
		<cdsListItemKey>110</cdsListItemKey>
		<cdsListItemValue>DTaP-HepB-IPV (Pediarix)</cdsListItemValue>
		<cdsListItemConceptMapping>
			<code>ICE110</code>
			<displayName>DTaP-HepB-IPV (Pediarix)</displayName>
		</cdsListItemConceptMapping>
	</cdsListItem>
	<cdsListItem>
		<cdsListItemKey>50</cdsListItemKey>
		<cdsListItemValue>DTaP-Hib (TriHiBIt)</cdsListItemValue>
		<cdsListItemConceptMapping>
			<code>ICE50</code>
			<displayName>DTaP-Hib (TriHiBIt)</displayName>
		</cdsListItemConceptMapping>
	</cdsListItem>
	<cdsListItem>
		<cdsListItemKey>51</cdsListItemKey>
		<cdsListItemValue>Hep B-Hib PRP-OMP (ComVAX)</cdsListItemValue>
		<cdsListItemConceptMapping>
			<code>ICE51</code>
			<displayName>Hep B-Hib PRP-OMP (ComVAX)</displayName>
		</cdsListItemConceptMapping>
	</cdsListItem>
	<cdsListItem>
		<cdsListItemKey>120</cdsListItemKey>
		<cdsListItemValue>DTaP-Hib (PRP-T)-IPV</cdsListItemValue>
		<cdsListItemConceptMapping>
			<code>ICE120</code>
			<displayName>DTaP-Hib (PRP-T)-IPV</displayName>
		</cdsListItemConceptMapping>
	</cdsListItem>
	<cdsListItem>
		<cdsListItemKey>22</cdsListItemKey>
		<cdsListItemValue>DTP-Hib (Tetramune; OmniHib-DTP)</cdsListItemValue>
		<cdsListItemConceptMapping>
			<code>ICE22</code>
			<displayName>DTP-Hib (Tetramune; OmniHib-DTP)</displayName>
		</cdsListItemConceptMapping>
	</cdsListItem>
	<cdsListItem>
		<cdsListItemKey>130</cdsListItemKey>
		<cdsListItemValue>DTaP-IPV</cdsListItemValue>
		<cdsListItemConceptMapping>
			<code>ICE130</code>
			<displayName>DTaP-IPV</displayName>
		</cdsListItemConceptMapping>
	</cdsListItem>
	<cdsListItem>
		<cdsListItemKey>100</cdsListItemKey>
		<cdsListItemValue>Pneumococcal Conjugate 7 valent (PCV 7)</cdsListItemValue>
		<cdsListItemConceptMapping>
			<code>ICE100</code>
			<displayName>Pneumococcal Conjugate 7 valent (PCV 7)</displayName>
		</cdsListItemConceptMapping>
	</cdsListItem>
	<cdsListItem>
		<cdsListItemKey>133</cdsListItemKey>
		<cdsListItemValue>Pneumococcal Conjugate 13 valent (PCV 13)</cdsListItemValue>
		<cdsListItemConceptMapping>
			<code>ICE133</code>
			<displayName>Pneumococcal Conjugate 13 valent (PCV 13)</displayName>
		</cdsListItemConceptMapping>
	</cdsListItem>
	<cdsListItem>
		<cdsListItemKey>152</cdsListItemKey>
		<cdsListItemValue>Pneumococcal Conjugate NOS</cdsListItemValue>
		<cdsListItemConceptMapping>
			<code>ICE152</code>
			<displayName>Pneumococcal Conjugate NOS</displayName>
		</cdsListItemConceptMapping>
	</cdsListItem>
	<cdsListItem>
		<cdsListItemKey>109</cdsListItemKey>
		<cdsListItemValue>Pneumococcal NOS</cdsListItemValue>
		<cdsListItemConceptMapping>
			<code>ICE109</code>
			<displayName>Pneumococcal NOS</displayName>
		</cdsListItemConceptMapping>
	</cdsListItem>
	<cdsListItem>
		<cdsListItemKey>33</cdsListItemKey>
		<cdsListItemValue>Pneumococcal Polysaccharide 23 valent</cdsListItemValue>
		<cdsListItemConceptMapping>
			<code>ICE33</code>
			<displayName>Pneumococcal Polysaccharide 23 valent</displayName>
		</cdsListItemConceptMapping>
	</cdsListItem>
	<cdsListItem>
		<cdsListItemKey>215</cdsListItemKey>
		<cdsListItemValue>Pneumococcal Conjugate 15 valent (PCV 15)</cdsListItemValue>
		<cdsListItemConceptMapping>
			<code>ICE215</code>
			<displayName>Pneumococcal Conjugate 15 valent (PCV 15)</displayName>
		</cdsListItemConceptMapping>
	</cdsListItem>
	<cdsListItem>
		<cdsListItemKey>216</cdsListItemKey>
		<cdsListItemValue>Pneumococcal Conjugate 20 valent (PCV 20)</cdsListItemValue>
		<cdsListItemConceptMapping>
			<code>ICE216</code>
			<displayName>Pneumococcal Conjugate 20 valent (PCV 20)</displayName>
		</cdsListItemConceptMapping>
	</cdsListItem>
	<cdsListItem>
		<cdsListItemKey>148</cdsListItemKey>
		<cdsListItemValue>Mening CY-Hib PRP-T (Menhibrix)</cdsListItemValue>
		<cdsListItemConceptMapping>
			<code>ICE148</code>
			<displayName>Mening CY-Hib PRP-T (Menhibrix)</displayName>
		</cdsListItemConceptMapping>
	</cdsListItem>
	<cdsListItem>
		<cdsListItemKey>FAKE_MENING_CVX</cdsListItemKey>
		<cdsListItemValue>Meningococcal C/Y</cdsListItemValue>
		<cdsListItemConceptMapping>
			<code>N-ICE-VACCINE_MENING_CY</code>
			<displayName>Meningococcal C/Y</displayName>
		</cdsListItemConceptMapping>
	</cdsListItem>
	<cdsListItem>
		<cdsListItemKey>114</cdsListItemKey>
		<cdsListItemValue>Meningococcal MCV4P (Menactra)</cdsListItemValue>
		<cdsListItemConceptMapping>
			<code>ICE114</code>
			<displayName>Meningococcal MCV4P (Menactra)</displayName>
		</cdsListItemConceptMapping>
	</cdsListItem>
	<cdsListItem>
		<cdsListItemKey>136</cdsListItemKey>
		<cdsListItemValue>Meningococcal MCV4O (Menveo)</cdsListItemValue>
		<cdsListItemConceptMapping>
			<code>ICE136</code>
			<displayName>Meningococcal MCV4O (Menveo)</displayName>
		</cdsListItemConceptMapping>
	</cdsListItem>
	<cdsListItem>
		<cdsListItemKey>32</cdsListItemKey>
		<cdsListItemValue>Meningococcal MPSv4 (Menomume)</cdsListItemValue>
		<cdsListItemConceptMapping>
			<code>ICE32</code>
			<displayName>Meningococcal MPSv4 (Menomume)</displayName>
		</cdsListItemConceptMapping>
	</cdsListItem>
	<cdsListItem>
		<cdsListItemKey>203</cdsListItemKey>
		<cdsListItemValue>Meningococcal MenACWY-TT ((MenQuadfi))</cdsListItemValue>
		<cdsListItemConceptMapping>
			<code>ICE203</code>
			<displayName>Meningococcal MenACWY-TT ((MenQuadfi))</displayName>
		</cdsListItemConceptMapping>
	</cdsListItem>
	<cdsListItem>
		<cdsListItemKey>147</cdsListItemKey>
		<cdsListItemValue>Meningococcal MCV4, unspecified formulation</cdsListItemValue>
		<cdsListItemConceptMapping>
			<code>ICE147</code>
			<displayName>Meningococcal MCV4, unspecified forumation</displayName>
		</cdsListItemConceptMapping>
	</cdsListItem>
	<cdsListItem>
		<cdsListItemKey>108</cdsListItemKey>
		<cdsListItemValue>Meningococcal, unspecified forumation</cdsListItemValue>
		<cdsListItemConceptMapping>
			<code>ICE108</code>
			<displayName>Meningococcal, unspecified forumation</displayName>
		</cdsListItemConceptMapping>
	</cdsListItem>
	<cdsListItem>
		<cdsListItemKey>02</cdsListItemKey>
		<cdsListItemValue>OPV</cdsListItemValue>
		<cdsListItemConceptMapping>
			<code>ICE02</code>
			<displayName>OPV</displayName>
		</cdsListItemConceptMapping>
	</cdsListItem>
	<cdsListItem>
		<cdsListItemKey>10</cdsListItemKey>
		<cdsListItemValue>IPV</cdsListItemValue>
		<cdsListItemConceptMapping>
			<code>ICE10</code>
			<displayName>IPV</displayName>
		</cdsListItemConceptMapping>
	</cdsListItem>
	<cdsListItem>
		<cdsListItemKey>89</cdsListItemKey>
		<cdsListItemValue>Polio, unspecified formulation</cdsListItemValue>
		<cdsListItemConceptMapping>
			<code>ICE89</code>
			<displayName>Polio, unspecified formulation</displayName>
		</cdsListItemConceptMapping>
	</cdsListItem>
	<cdsListItem>
		<cdsListItemKey>121</cdsListItemKey>
		<cdsListItemValue>Zoster vaccine, live</cdsListItemValue>
		<cdsListItemConceptMapping>
			<code>ICE121</code>
			<displayName>Zoster vaccine, live</displayName>
		</cdsListItemConceptMapping>
	</cdsListItem>
	<cdsListItem>
		<cdsListItemKey>187</cdsListItemKey>
		<cdsListItemValue>Zoster recombinant</cdsListItemValue>
		<cdsListItemConceptMapping>
			<code>ICE187</code>
			<displayName>Zoster recombinant</displayName>
		</cdsListItemConceptMapping>
	</cdsListItem>
	<cdsListItem>
		<cdsListItemKey>188</cdsListItemKey>
		<cdsListItemValue>Zoster, unspecified formulation</cdsListItemValue>
		<cdsListItemConceptMapping>
			<code>ICE188</code>
			<displayName>Zoster, unspecified formulation</displayName>
		</cdsListItemConceptMapping>
	</cdsListItem>
	<cdsListItem>
		<cdsListItemKey>178</cdsListItemKey>
		<cdsListItemValue>OPV bivalent</cdsListItemValue>
		<cdsListItemConceptMapping>
			<code>ICE178</code>
			<displayName>OPV bivalent</displayName>
		</cdsListItemConceptMapping>
	</cdsListItem>
	<cdsListItem>
		<cdsListItemKey>179</cdsListItemKey>
		<cdsListItemValue>OPV, monovalent, unspecified</cdsListItemValue>
		<cdsListItemConceptMapping>
			<code>ICE179</code>
			<displayName>OPV, monovalent, unspecified</displayName>
		</cdsListItemConceptMapping>
	</cdsListItem>
	<cdsListItem>
		<cdsListItemKey>182</cdsListItemKey>
		<cdsListItemValue>OPV, Unspecified</cdsListItemValue>
		<cdsListItemConceptMapping>
			<code>ICE182</code>
			<displayName>OPV, Unspecified</displayName>
		</cdsListItemConceptMapping>
	</cdsListItem>
	<cdsListItem>
		<cdsListItemKey>162</cdsListItemKey>
		<cdsListItemValue>Meningococcal B FHbp, recombinant (Trumenba)</cdsListItemValue>
		<cdsListItemConceptMapping>
			<code>ICE162</code>
			<displayName>Meningococcal B FHbp, recombinant (Trumenba)</displayName>
		</cdsListItemConceptMapping>
	</cdsListItem>
	<cdsListItem>
		<cdsListItemKey>163</cdsListItemKey>
		<cdsListItemValue>Meningococcal B 4C, OMV (Bexsero)</cdsListItemValue>
		<cdsListItemConceptMapping>
			<code>ICE163</code>
			<displayName>Meningococcal B 4C, OMV (Bexsero)</displayName>
		</cdsListItemConceptMapping>
	</cdsListItem>
	<cdsListItem>
		<cdsListItemKey>207</cdsListItemKey>
		<cdsListItemValue>COVID-19, mRNA LNP-S, PF, Moderna</cdsListItemValue>
		<cdsListItemConceptMapping>
			<code>ICE207</code>
			<displayName>COVID-19, mRNA LNP-S, PF, Moderna</displayName>
		</cdsListItemConceptMapping>
	</cdsListItem>
	<cdsListItem>
		<cdsListItemKey>208</cdsListItemKey>
		<cdsListItemValue>COVID-19, mRNA LNP-S, PF, Pfizer</cdsListItemValue>
		<cdsListItemConceptMapping>
			<code>ICE208</code>
			<displayName>COVID-19, mRNA LNP-S, PF, Pfizer</displayName>
		</cdsListItemConceptMapping>
	</cdsListItem>
	<cdsListItem>
		<cdsListItemKey>210</cdsListItemKey>
		<cdsListItemValue>COVID-19, vector-nr,rS-ChadOx1, PF, AstraZeneca</cdsListItemValue>
		<cdsListItemConceptMapping>
			<code>ICE210</code>
			<displayName>COVID-19, vector-nr,rS-ChadOx1, PF, AstraZeneca</displayName>
		</cdsListItemConceptMapping>
	</cdsListItem>
	<cdsListItem>
		<cdsListItemKey>211</cdsListItemKey>
		<cdsListItemValue>COVID-19, rS-nanoparticle, Novavax</cdsListItemValue>
		<cdsListItemConceptMapping>
			<code>ICE211</code>
			<displayName>COVID-19, rS-nanoparticle, Novavax</displayName>
		</cdsListItemConceptMapping>
	</cdsListItem>
	<cdsListItem>
		<cdsListItemKey>212</cdsListItemKey>
		<cdsListItemValue>COVID-19, vector-nr, rS-Ad26, PF, Janssen</cdsListItemValue>
		<cdsListItemConceptMapping>
			<code>ICE212</code>
			<displayName>COVID-19, vector-nr, rS-Ad26, PF, Janssen</displayName>
		</cdsListItemConceptMapping>
	</cdsListItem>
	<cdsListItem>
		<cdsListItemKey>213</cdsListItemKey>
		<cdsListItemValue>COVID-19 (NOS)</cdsListItemValue>
		<cdsListItemConceptMapping>
			<code>ICE213</code>
			<displayName>COVID-19 (NOS)</displayName>
		</cdsListItemConceptMapping>
	</cdsListItem>
	<cdsListItem>
		<cdsListItemKey>217</cdsListItemKey>
		<cdsListItemValue>COVID-19, mRNA, >= 12yrs, Pfizer</cdsListItemValue>
		<cdsListItemConceptMapping>
			<code>ICE217</code>
			<displayName>COVID-19, mRNA, >= 12yrs, Pfizer</displayName>
		</cdsListItemConceptMapping>
	</cdsListItem>
	<cdsListItem>
		<cdsListItemKey>218</cdsListItemKey>
		<cdsListItemValue>COVID-19, mRNA, 5yrs-11yrs, Pfizer</cdsListItemValue>
		<cdsListItemConceptMapping>
			<code>ICE218</code>
			<displayName>COVID-19, mRNA, 5yrs-11yrs, Pfizer</displayName>
		</cdsListItemConceptMapping>
	</cdsListItem>
	<cdsListItem>
		<cdsListItemKey>219</cdsListItemKey>
		<cdsListItemValue>COVID-19, mRNA, 6mos-4yrs, Pfizer</cdsListItemValue>
		<cdsListItemConceptMapping>
			<code>ICE219</code>
			<displayName>COVID-19, mRNA, 6mos-4yrs, Pfizer</displayName>
		</cdsListItemConceptMapping>
	</cdsListItem>
	<cdsListItem>
		<cdsListItemKey>221</cdsListItemKey>
		<cdsListItemValue>COVID-19, mRNA, Moderna</cdsListItemValue>
		<cdsListItemConceptMapping>
			<code>ICE221</code>
			<displayName>COVID-19, mRNA, Moderna</displayName>
		</cdsListItemConceptMapping>
	</cdsListItem>
	<cdsListItem>
		<cdsListItemKey>227</cdsListItemKey>
		<cdsListItemValue>COVID-19, Moderna (Inactive)</cdsListItemValue>
		<cdsListItemConceptMapping>
			<code>ICE227</code>
			<displayName>COVID-19, Moderna (Inactive)</displayName>
		</cdsListItemConceptMapping>
	</cdsListItem>
	<cdsListItem>
		<cdsListItemKey>228</cdsListItemKey>
		<cdsListItemValue>COVID-19, mRNA, 6mos-5yrs, Moderna</cdsListItemValue>
		<cdsListItemConceptMapping>
			<code>ICE228</code>
			<displayName>COVID-19, mRNA, 6mos-5yrs, Moderna</displayName>
		</cdsListItemConceptMapping>
	</cdsListItem>
	<cdsListItem>
		<cdsListItemKey>229</cdsListItemKey>
		<cdsListItemValue>COVID-19, mRNA, bivalent booster, Moderna</cdsListItemValue>
		<cdsListItemConceptMapping>
			<code>ICE229</code>
			<displayName>COVID-19, mRNA, bivalent booster, Moderna</displayName>
		</cdsListItemConceptMapping>
	</cdsListItem>
	<cdsListItem>
		<cdsListItemKey>230</cdsListItemKey>
		<cdsListItemValue>COVID-19, mRNA, 6mos-5yrs, bivalent booster, Moderna</cdsListItemValue>
		<cdsListItemConceptMapping>
			<code>ICE230</code>
			<displayName>COVID-19, mRNA, 6mos-5yrs, bivalent booster, Moderna</displayName>
		</cdsListItemConceptMapping>
	</cdsListItem>
	<cdsListItem>
		<cdsListItemKey>300</cdsListItemKey>
		<cdsListItemValue>COVID-19, mRNA, >= 12yrs, bivalent booster, Pfizer</cdsListItemValue>
		<cdsListItemConceptMapping>
			<code>ICE300</code>
			<displayName>COVID-19, mRNA, >= 12yrs, bivalent booster, Pfizer</displayName>
		</cdsListItemConceptMapping>
	</cdsListItem>
	<cdsListItem>
		<cdsListItemKey>301</cdsListItemKey>
		<cdsListItemValue>COVID-19, mRNA, 5yrs-11yrs, bivalent booster, Pfizer</cdsListItemValue>
		<cdsListItemConceptMapping>
			<code>ICE301</code>
			<displayName>COVID-19, mRNA, 5yrs-11yrs, bivalent booster, Pfizer</displayName>
		</cdsListItemConceptMapping>
	</cdsListItem>
	<cdsListItem>
		<cdsListItemKey>302</cdsListItemKey>
		<cdsListItemValue>COVID-19, mRNA, 6mos-4yrs, bivalent booster, Pfizer</cdsListItemValue>
		<cdsListItemConceptMapping>
			<code>ICE302</code>
			<displayName>COVID-19, mRNA, 6mos-4yrs, bivalent booster, Pfizer</displayName>
		</cdsListItemConceptMapping>
	</cdsListItem>
	<cdsListItem>
		<cdsListItemKey>500</cdsListItemKey>
		<cdsListItemValue>COVID-19 Non-US, Product Unknown</cdsListItemValue>
		<cdsListItemConceptMapping>
			<code>ICE500</code>
			<displayName>COVID-19 Non-US, Product Unknown</displayName>
		</cdsListItemConceptMapping>
	</cdsListItem>
	<cdsListItem>
		<cdsListItemKey>501</cdsListItemKey>
		<cdsListItemValue>COVID-19 IV Non-US (QAZCOVID-IN)</cdsListItemValue>
		<cdsListItemConceptMapping>
			<code>ICE501</code>
			<displayName>COVID-19 IV Non-US (QAZCOVID-IN)</displayName>
		</cdsListItemConceptMapping>
	</cdsListItem>
	<cdsListItem>
		<cdsListItemKey>502</cdsListItemKey>
		<cdsListItemValue>COVID-19 IV Non-US (COVAXIN)</cdsListItemValue>
		<cdsListItemConceptMapping>
			<code>ICE502</code>
			<displayName>COVID-19 IV Non-US (COVAXIN)</displayName>
		</cdsListItemConceptMapping>
	</cdsListItem>
	<cdsListItem>
		<cdsListItemKey>503</cdsListItemKey>
		<cdsListItemValue>COVID-19 LAV Non-US (COVIVAC)</cdsListItemValue>
		<cdsListItemConceptMapping>
			<code>ICE503</code>
			<displayName>COVID-19 LAV Non-US (COVIVAC)</displayName>
		</cdsListItemConceptMapping>
	</cdsListItem>
	<cdsListItem>
		<cdsListItemKey>504</cdsListItemKey>
		<cdsListItemValue>COVID-19 VVnr Non-US (Sputnik Light)</cdsListItemValue>
		<cdsListItemConceptMapping>
			<code>ICE504</code>
			<displayName>COVID-19 VVnr Non-US (Sputnik Light)</displayName>
		</cdsListItemConceptMapping>
	</cdsListItem>
	<cdsListItem>
		<cdsListItemKey>505</cdsListItemKey>
		<cdsListItemValue>COVID-19 VVnr Non-US (Sputnik V)</cdsListItemValue>
		<cdsListItemConceptMapping>
			<code>ICE505</code>
			<displayName>COVID-19 VVnr Non-US (Sputnik V)</displayName>
		</cdsListItemConceptMapping>
	</cdsListItem>
	<cdsListItem>
		<cdsListItemKey>506</cdsListItemKey>
		<cdsListItemValue>COVID-19 VVnr Non-US Vaccine (CanSino Biological Inc./Beijing Institute of Biotechnology)</cdsListItemValue>
		<cdsListItemConceptMapping>
			<code>ICE506</code>
			<displayName>COVID-19 VVnr Non-US Vaccine (CanSino Biological Inc./Beijing Institute of Biotechnology)</displayName>
		</cdsListItemConceptMapping>
	</cdsListItem>
	<cdsListItem>
		<cdsListItemKey>507</cdsListItemKey>
		<cdsListItemValue>COVID-19 vaccine, PS, non-US, Anhui Zhifei Longcom Biopharmaceutical, Chinese Academy of Sciences</cdsListItemValue>
		<cdsListItemConceptMapping>
			<code>ICE507</code>
			<displayName>COVID-19 vaccine, PS, non-US, Anhui Zhifei Longcom Biopharmaceutical, Chinese Academy of Sciences</displayName>
		</cdsListItemConceptMapping>
	</cdsListItem>
	<cdsListItem>
		<cdsListItemKey>508</cdsListItemKey>
		<cdsListItemValue>COVID-19 PS Non-US (Jiangsu Province Centers for Disease Control and Prevention)</cdsListItemValue>
		<cdsListItemConceptMapping>
			<code>ICE508</code>
			<displayName>COVID-19 PS Non-US (Jiangsu Province Centers for Disease Control and Prevention)</displayName>
		</cdsListItemConceptMapping>
	</cdsListItem>
	<cdsListItem>
		<cdsListItemKey>509</cdsListItemKey>
		<cdsListItemValue>COVID-19 PS Non-US (EpiVacCorona)</cdsListItemValue>
		<cdsListItemConceptMapping>
			<code>ICE509</code>
			<displayName>COVID-19 PS Non-US (EpiVacCorona)</displayName>
		</cdsListItemConceptMapping>
	</cdsListItem>
	<cdsListItem>
		<cdsListItemKey>510</cdsListItemKey>
		<cdsListItemValue>COVID-19 IV Non-US (BIBP, Sinopharm)</cdsListItemValue>
		<cdsListItemConceptMapping>
			<code>ICE510</code>
			<displayName>COVID-19 IV Non-US (BIBP, Sinopharm)(</displayName>
		</cdsListItemConceptMapping>
	</cdsListItem>
	<cdsListItem>
		<cdsListItemKey>511</cdsListItemKey>
		<cdsListItemValue>COVID-19 IV Non-US (CoronaVac, Sinovac)</cdsListItemValue>
		<cdsListItemConceptMapping>
			<code>ICE511</code>
			<displayName>COVID-19 IV Non-US (CoronaVac, Sinovac)</displayName>
		</cdsListItemConceptMapping>
	</cdsListItem>
	<cdsListItem>
		<cdsListItemKey>512</cdsListItemKey>
		<cdsListItemValue>COVID-19 VLP Non-US Vaccine (Medicago, Covifenz)</cdsListItemValue>
		<cdsListItemConceptMapping>
			<code>ICE512</code>
			<displayName>COVID-19 VLP Non-US Vaccine (Medicago, Covifenz)</displayName>
		</cdsListItemConceptMapping>
	</cdsListItem>
	<cdsListItem>
		<cdsListItemKey>513</cdsListItemKey>
		<cdsListItemValue>COVID-19 PS Non-US Vaccine (Anhui Zhifei Longcom, Zifivax)</cdsListItemValue>
		<cdsListItemConceptMapping>
			<code>ICE513</code>
			<displayName>COVID-19 PS Non-US Vaccine (Anhui Zhifei Longcom, Zifivax)</displayName>
		</cdsListItemConceptMapping>
	</cdsListItem>
	<cdsListItem>
		<cdsListItemKey>514</cdsListItemKey>
		<cdsListItemValue>COVID-19 DNA Non-US Vaccine (Zydus Cadila, ZyCoV-D)</cdsListItemValue>
		<cdsListItemConceptMapping>
			<code>ICE514</code>
			<displayName>COVID-19 DNA Non-US Vaccine (Zydus Cadila, ZyCoV-D)</displayName>
		</cdsListItemConceptMapping>
	</cdsListItem>
	<cdsListItem>
		<cdsListItemKey>515</cdsListItemKey>
		<cdsListItemValue>COVID-19 PS Non-US Vaccine (Medigen, MVC-COV1901)</cdsListItemValue>
		<cdsListItemConceptMapping>
			<code>ICE515</code>
			<displayName>COVID-19 PS Non-US Vaccine (Medigen, MVC-COV1901)</displayName>
		</cdsListItemConceptMapping>
	</cdsListItem>
	<cdsListItem>
		<cdsListItemKey>516</cdsListItemKey>
		<cdsListItemValue>COVID-19 Inactivated Non-US Vaccine (Minhai Biotechnology Co, KCONVAC)</cdsListItemValue>
		<cdsListItemConceptMapping>
			<code>ICE516</code>
			<displayName>COVID-19 Inactivated Non-US Vaccine (Minhai Biotechnology Co, KCONVAC)</displayName>
		</cdsListItemConceptMapping>
	</cdsListItem>
	<cdsListItem>
		<cdsListItemKey>517</cdsListItemKey>
		<cdsListItemValue>COVID-19 PS Non-US Vaccine (Biological E Limited, Corbevax)</cdsListItemValue>
		<cdsListItemConceptMapping>
			<code>ICE517</code>
			<displayName>COVID-19 PS Non-US Vaccine (Biological E Limited, Corbevax)</displayName>
		</cdsListItemConceptMapping>
	</cdsListItem>
	<cdsListItem>
		<cdsListItemKey>75</cdsListItemKey>
		<cdsListItemValue>Monkeypox Smallpox (ACAM2000)</cdsListItemValue>
		<cdsListItemConceptMapping>
			<code>ICE75</code>
			<displayName>Monkeypox Smallpox (ACAM2000)</displayName>
		</cdsListItemConceptMapping>
	</cdsListItem>
	<cdsListItem>
		<cdsListItemKey>105</cdsListItemKey>
		<cdsListItemValue>Vaccinia (smallpox) vaccine, diluted</cdsListItemValue>
		<cdsListItemConceptMapping>
			<code>ICE105</code>
			<displayName>Vaccinia (smallpox) vaccine, diluted</displayName>
		</cdsListItemConceptMapping>
	</cdsListItem>
	<cdsListItem>
		<cdsListItemKey>206</cdsListItemKey>
		<cdsListItemValue>Monkeypox Smallpox (JYNNEOS), Vaccinia, live</cdsListItemValue>
		<cdsListItemConceptMapping>
			<code>ICE206</code>
			<displayName>Monkeypox Smallpox (JYNNEOS), Vaccinia, live</displayName>
		</cdsListItemConceptMapping>
	</cdsListItem>
	<cdsVersion>gov.nyc.cir^ICE^1.0.0</cdsVersion>
	<cdsListItem>
		<cdsListItemKey>93</cdsListItemKey>
		<cdsListItemValue>RSV monoclonal antibody (palivizumab)</cdsListItemValue>
		<cdsListItemConceptMapping>
			<code>ICE93</code>
			<displayName>RSV monoclonal antibody (palivizumab)</displayName>
		</cdsListItemConceptMapping>
	</cdsListItem>
	<cdsListItem>
		<cdsListItemKey>71</cdsListItemKey>
		<cdsListItemValue>RSV immune globulin</cdsListItemValue>
		<cdsListItemConceptMapping>
			<code>ICE71</code>
			<displayName>RSV immune globulin</displayName>
		</cdsListItemConceptMapping>
	</cdsListItem>
</ns2:cdsListSpecificationFile>