<?xml version="1.0" encoding="UTF-8" standalone="yes"?>
<ns2:iceSeasonSpecificationFile xmlns:ns2="org.cdsframework.util.support.data.ice.season">
    <ns2:seasonId>za622767c72334b1c07c76624d7aef74623as</ns2:seasonId>
    <ns2:name>December 2020 to September 2023 COVID Season</ns2:name>
    <ns2:code>COVID19Dec2020Season</ns2:code>
    <ns2:defaultSeason>false</ns2:defaultSeason>
    <ns2:startDate>1970-01-01</ns2:startDate>
    <ns2:endDate>2023-09-11</ns2:endDate>
    <ns2:vaccineGroup code="850" codeSystem="2.16.840.1.113883.3.795.12.100.1" codeSystemName="ICE Vaccine Group" displayName="COVID19"/>
    <ns2:cdsVersion>gov.nyc.cir^ICE^1.0.0</ns2:cdsVersion>
</ns2:iceSeasonSpecificationFile>
