<?xml version="1.0" encoding="UTF-8" standalone="yes"?>
<ns2:iceVaccineSpecificationFile xmlns:ns2="org.cdsframework.util.support.data.ice.vaccine">
    <vaccine code="94" codeSystem="2.16.840.1.113883.12.292" codeSystemName="CVX" displayName="MMR-Varicella"/>
    <cdsVersion>gov.nyc.cir^ICE^1.0.0</cdsVersion>
    <ns2:liveVirusVaccine>true</ns2:liveVirusVaccine>
    <ns2:vaccineActive>true</ns2:vaccineActive>
    <ns2:manufacturerCode/>
    <ns2:licensedMaximumAgeForUse>13y - 1d</ns2:licensedMaximumAgeForUse>
    <vaccineComponent code="03" codeSystem="2.16.840.1.113883.12.292" codeSystemName="CVX" displayName="MMR"/>
    <vaccineComponent code="21" codeSystem="2.16.840.1.113883.12.292" codeSystemName="CVX" displayName="varicella"/>
    <diseaseImmunity code="072.9" codeSystem="2.16.840.1.113883.6.103" codeSystemName="ICD9CM Diagnosis" displayName="Mumps"/>
    <diseaseImmunity code="055.9" codeSystem="2.16.840.1.113883.6.103" codeSystemName="ICD9CM Diagnosis" displayName="Measles"/>
    <diseaseImmunity code="056.9" codeSystem="2.16.840.1.113883.6.103" codeSystemName="ICD9CM Diagnosis" displayName="Rubella"/>
    <diseaseImmunity code="052.9" codeSystem="2.16.840.1.113883.6.103" codeSystemName="ICD9CM Diagnosis" displayName="Varicella"/>
    <openCdsMembership code="ICE94" displayName="MMR-Varicella"/>
    <primaryOpenCdsConcept code="ICE94"/>
</ns2:iceVaccineSpecificationFile>
