<?xml version="1.0" encoding="UTF-8" standalone="yes"?>
<ns2:semanticSignifiers xmlns:ns2="org.opencds.dss.config_rest.v1_0" xmlns:ns3="org.opencds.dss.config.v1_0">
	<semanticSignifier>
		<identifier scopingEntityId="org.opencds.vmr" businessId="VMR" version="1.0" />
		<name>org.opencds.vmr^VMR^1.0</name>
		<description>org.opencds.vmr^VMR^1.0</description>
		<xsdComputableDefinition>
			<xsdRootGlobalElementName>CDSInput</xsdRootGlobalElementName>
			<xsdURL>org.opencds.vmr.v1_0.schema</xsdURL>
		</xsdComputableDefinition>
		<entryPoint>org.opencds.vmr.v1_0.schema.CDSInput</entryPoint>
		<exitPoint>org.opencds.vmr.v1_0.mappings.out.CdsOutputModelExitPoint</exitPoint>
		<factListsBuilder>org.opencds.vmr.v1_0.mappings.in.CdsInputFactListsBuilder</factListsBuilder>
		<resultSetBuilder>org.opencds.vmr.v1_0.mappings.out.CdsOutputResultSetBuilder</resultSetBuilder>
		<timestamp>2015-01-09T15:51:29.425-05:00</timestamp>
		<userId>daryl</userId>
	</semanticSignifier>
</ns2:semanticSignifiers>