<?xml version="1.0" encoding="UTF-8"?>
<ns2:cdsListSpecificationFile xmlns:ns2="org.cdsframework.util.support.data.cds.list">
   <listId>A1f305bc0568822e2608f22be9d1bac9c</listId>
   <code>EVALUATION_STATUS_CONCEPT</code>
   <name>ICE Evaluation Status</name>
   <listType>CODE_SYSTEM</listType>
   <description>Supported Evaluation Status</description>
   <codeSystem>2.16.840.1.113883.3.795.12.100.2</codeSystem>
   <codeSystemName>ICE Evaluation Status</codeSystemName>
   <cdsListItem>
        <cdsListItemKey>ACCEPTED</cdsListItemKey>
        <cdsListItemValue>Accepted Dose</cdsListItemValue>
   </cdsListItem>
   <cdsListItem>
        <cdsListItemKey>INVALID</cdsListItemKey>
        <cdsListItemValue>Invalid Dose</cdsListItemValue>
   </cdsListItem>
   <cdsListItem>
        <cdsListItemKey>VALID</cdsListItemKey>
        <cdsListItemValue>Valid Dose</cdsListItemValue>
   </cdsListItem>
   <cdsListItem>
        <cdsListItemKey>NOT_EVALUATED</cdsListItemKey>
        <cdsListItemValue>Shot Not Evaluated</cdsListItemValue>
   </cdsListItem>
   <cdsListItem>
        <cdsListItemKey>PRIMARY_SHOT_DETERMINATION_IN_PROCESS</cdsListItemKey>
        <cdsListItemValue>Primary Shot Determination in Process</cdsListItemValue>
   </cdsListItem>
   <cdsListItem>
        <cdsListItemKey>EVALUATION_IN_PROCESS</cdsListItemKey>
        <cdsListItemValue>Evaluation in Process</cdsListItemValue>
   </cdsListItem>
   <cdsListItem>
        <cdsListItemKey>EVALUATION_COMPLETE</cdsListItemKey>
        <cdsListItemValue>Evaluation Complete</cdsListItemValue>
   </cdsListItem>
   <cdsListItem>
        <cdsListItemKey>EVALUATION_NOT_STARTED</cdsListItemKey>
        <cdsListItemValue>Evaluation Not Started</cdsListItemValue>
   </cdsListItem>
   <cdsListItem>
        <cdsListItemKey>DECISION_RENDERED</cdsListItemKey>
        <cdsListItemValue>Decision Rendered</cdsListItemValue>
   </cdsListItem>
   <cdsVersion>org.cdsframework^ICE^1.0.0</cdsVersion>
</ns2:cdsListSpecificationFile>
