<?xml version="1.0" encoding="UTF-8" standalone="yes"?>
<!--  The below items must be added to the BaseDataPerson Enum class -->
<ns2:cdsListSpecificationFile xmlns:ns2="org.cdsframework.util.support.data.cds.list">
    <listId>1333f305bc0568822eE2608f22be9d1bac9c</listId>
    <code>SUPPORTED_PERSON_CONCEPT</code>
    <name>Supported Person Concepts</name>
    <listType>CODE_SYSTEM</listType>
    <description>supported_person_concept</description>
    <codeSystem>2.16.840.1.113883.5.1</codeSystem>
    <codeSystemName>HL7 Gender</codeSystemName>
    <cdsListItem>
        <cdsListItemKey>M</cdsListItemKey>
        <cdsListItemValue>Male</cdsListItemValue>
	    <cdsListItemConceptMapping>
            <code>C30</code>
            <displayName>Male</displayName>
        </cdsListItemConceptMapping>
    </cdsListItem>
    <cdsListItem>
        <cdsListItemKey>F</cdsListItemKey>
        <cdsListItemValue>Female</cdsListItemValue>
	    <cdsListItemConceptMapping>
            <code>C31</code>
            <displayName>Female</displayName>
        </cdsListItemConceptMapping>
    </cdsListItem>
    <cdsVersion>org.cdsframework^ICE^1.0.0</cdsVersion>
</ns2:cdsListSpecificationFile>