<?xml version="1.0" encoding="UTF-8" standalone="yes"?>
<ns2:iceVaccineSpecificationFile xmlns:ns2="org.cdsframework.util.support.data.ice.vaccine">
    <vaccine code="219" codeSystem="2.16.840.1.113883.12.292" codeSystemName="CVX" displayName="COVID-19, mRNA, 6mos-4yrs, Pfizer"/>
    <cdsVersion>gov.nyc.cir^ICE^1.0.0</cdsVersion>
    <ns2:liveVirusVaccine>false</ns2:liveVirusVaccine>
    <ns2:vaccineActive>true</ns2:vaccineActive>
    <ns2:tradeName>Pfizer COVID-19 Pediatric Vaccine</ns2:tradeName>
    <ns2:manufacturerCode/>
    <ns2:validMinimumAgeForUse>6m-4d</ns2:validMinimumAgeForUse>
    <ns2:validMaximumAgeForUse>5y-1d</ns2:validMaximumAgeForUse>
    <vaccineComponent code="219" codeSystem="2.16.840.1.113883.12.292" codeSystemName="CVX" displayName="COVID-19, mRNA, 6mos-4yrs, Pfizer"/>
    <diseaseImmunity code="079.89" codeSystem="2.16.840.1.113883.6.103" codeSystemName="ICD9CM Diagnosis" displayName="Coronavirus (unspecified)"/>
    <primaryOpenCdsConcept code="ICE219"/>
</ns2:iceVaccineSpecificationFile>
