<?xml version="1.0" encoding="UTF-8" standalone="yes"?>
<ns2:iceSeriesSpecificationFile xmlns:ns2="org.cdsframework.util.support.data.ice.series">
    <ns2:seriesId>52f74394178186af2253a27b7f0cadcd</ns2:seriesId>
    <ns2:name>Rotavirus 3-Dose Series</ns2:name>
    <ns2:code>Rotavirus3DoseSeries</ns2:code>
    <ns2:cdsVersion>gov.nyc.cir^ICE^1.0.0</ns2:cdsVersion>
    <ns2:doseInterval>
        <ns2:fromDoseNumber>1</ns2:fromDoseNumber>
        <ns2:toDoseNumber>2</ns2:toDoseNumber>
        <ns2:absoluteMinimumInterval>24d</ns2:absoluteMinimumInterval>
        <ns2:minimumInterval>28d</ns2:minimumInterval>
        <ns2:earliestRecommendedInterval>28d</ns2:earliestRecommendedInterval>
        <ns2:latestRecommendedInterval>13w</ns2:latestRecommendedInterval>
    </ns2:doseInterval>
    <ns2:doseInterval>
        <ns2:fromDoseNumber>2</ns2:fromDoseNumber>
        <ns2:toDoseNumber>3</ns2:toDoseNumber>
        <ns2:absoluteMinimumInterval>24d</ns2:absoluteMinimumInterval>
        <ns2:minimumInterval>28d</ns2:minimumInterval>
        <ns2:earliestRecommendedInterval>28d</ns2:earliestRecommendedInterval>
        <ns2:latestRecommendedInterval>13w</ns2:latestRecommendedInterval>
    </ns2:doseInterval>
    <ns2:numberOfDosesInSeries>3</ns2:numberOfDosesInSeries>
    <ns2:vaccineGroup code="820" codeSystem="2.16.840.1.113883.3.795.12.100.1" codeSystemName="ICE Vaccine Group" displayName="Rotavirus"/>
    <ns2:iceSeriesDose>
        <ns2:doseNumber>1</ns2:doseNumber>
        <ns2:absoluteMinimumAge>38d</ns2:absoluteMinimumAge>
        <ns2:minimumAge>42d</ns2:minimumAge>
        <ns2:earliestRecommendedAge>2m</ns2:earliestRecommendedAge>
        <ns2:doseVaccine>
            <ns2:preferred>true</ns2:preferred>
            <ns2:vaccine code="119" codeSystem="2.16.840.1.113883.12.292" codeSystemName="CVX" displayName="rotavirus, monovalent"/>
        </ns2:doseVaccine>
        <ns2:doseVaccine>
            <ns2:preferred>true</ns2:preferred>
            <ns2:vaccine code="122" codeSystem="2.16.840.1.113883.12.292" codeSystemName="CVX" displayName="rotavirus NOS"/>
        </ns2:doseVaccine>
        <ns2:doseVaccine>
            <ns2:preferred>true</ns2:preferred>
            <ns2:vaccine code="116" codeSystem="2.16.840.1.113883.12.292" codeSystemName="CVX" displayName="rotavirus, pentavalent"/>
        </ns2:doseVaccine>
        <ns2:doseVaccine>
            <ns2:preferred>true</ns2:preferred>
            <ns2:vaccine code="74" codeSystem="2.16.840.1.113883.12.292" codeSystemName="CVX" displayName="rotavirus, tetravalent"/>
        </ns2:doseVaccine>
    </ns2:iceSeriesDose>
    <ns2:iceSeriesDose>
        <ns2:doseNumber>2</ns2:doseNumber>
        <ns2:absoluteMinimumAge>66d</ns2:absoluteMinimumAge>
        <ns2:minimumAge>70d</ns2:minimumAge>
        <ns2:earliestRecommendedAge>4m</ns2:earliestRecommendedAge>
        <ns2:latestRecommendedAge>5m</ns2:latestRecommendedAge>
        <ns2:doseVaccine>
            <ns2:preferred>true</ns2:preferred>
            <ns2:vaccine code="119" codeSystem="2.16.840.1.113883.12.292" codeSystemName="CVX" displayName="rotavirus, monovalent"/>
        </ns2:doseVaccine>
        <ns2:doseVaccine>
            <ns2:preferred>true</ns2:preferred>
            <ns2:vaccine code="122" codeSystem="2.16.840.1.113883.12.292" codeSystemName="CVX" displayName="rotavirus NOS"/>
        </ns2:doseVaccine>
        <ns2:doseVaccine>
            <ns2:preferred>true</ns2:preferred>
            <ns2:vaccine code="116" codeSystem="2.16.840.1.113883.12.292" codeSystemName="CVX" displayName="rotavirus, pentavalent"/>
        </ns2:doseVaccine>
        <ns2:doseVaccine>
            <ns2:preferred>true</ns2:preferred>
            <ns2:vaccine code="74" codeSystem="2.16.840.1.113883.12.292" codeSystemName="CVX" displayName="rotavirus, tetravalent"/>
        </ns2:doseVaccine>
    </ns2:iceSeriesDose>
    <ns2:iceSeriesDose>
        <ns2:doseNumber>3</ns2:doseNumber>
        <ns2:absoluteMinimumAge>94d</ns2:absoluteMinimumAge>
        <ns2:minimumAge>98d</ns2:minimumAge>
        <ns2:earliestRecommendedAge>6m</ns2:earliestRecommendedAge>
        <ns2:latestRecommendedAge>7m</ns2:latestRecommendedAge>
        <ns2:doseVaccine>
            <ns2:preferred>true</ns2:preferred>
            <ns2:vaccine code="119" codeSystem="2.16.840.1.113883.12.292" codeSystemName="CVX" displayName="rotavirus, monovalent"/>
        </ns2:doseVaccine>
        <ns2:doseVaccine>
            <ns2:preferred>true</ns2:preferred>
            <ns2:vaccine code="122" codeSystem="2.16.840.1.113883.12.292" codeSystemName="CVX" displayName="rotavirus NOS"/>
        </ns2:doseVaccine>
        <ns2:doseVaccine>
            <ns2:preferred>true</ns2:preferred>
            <ns2:vaccine code="116" codeSystem="2.16.840.1.113883.12.292" codeSystemName="CVX" displayName="rotavirus, pentavalent"/>
        </ns2:doseVaccine>
        <ns2:doseVaccine>
            <ns2:preferred>true</ns2:preferred>
            <ns2:vaccine code="74" codeSystem="2.16.840.1.113883.12.292" codeSystemName="CVX" displayName="rotavirus, tetravalent"/>
        </ns2:doseVaccine>
    </ns2:iceSeriesDose>
</ns2:iceSeriesSpecificationFile>
