<?xml version="1.0" encoding="UTF-8" standalone="yes"?>
<ns2:iceSeriesSpecificationFile xmlns:ns2="org.cdsframework.util.support.data.ice.series">
    <ns2:seriesId>674bae6f8183d040712a96481245786b</ns2:seriesId>
    <ns2:name>COVID-19 1-Dose Janssen Series</ns2:name>
    <ns2:code>COVID19Janssen1DoseSeries</ns2:code>
    <ns2:cdsVersion>gov.nyc.cir^ICE^1.0.0</ns2:cdsVersion>
    <ns2:recurringDosesAfterSeriesComplete>true</ns2:recurringDosesAfterSeriesComplete>
    <ns2:doseInterval>
        <ns2:fromDoseNumber>1</ns2:fromDoseNumber>
        <ns2:toDoseNumber>2</ns2:toDoseNumber>
        <ns2:absoluteMinimumInterval>8w-4d</ns2:absoluteMinimumInterval>
        <ns2:minimumInterval>8w</ns2:minimumInterval>
        <ns2:earliestRecommendedInterval>8w</ns2:earliestRecommendedInterval>
    </ns2:doseInterval>
    <ns2:numberOfDosesInSeries>2</ns2:numberOfDosesInSeries>
    <ns2:vaccineGroup code="850" codeSystem="2.16.840.1.113883.3.795.12.100.1" codeSystemName="ICE Vaccine Group" displayName="COVID-19"/>
    <ns2:iceSeriesDose>
        <ns2:doseNumber>1</ns2:doseNumber>
        <ns2:absoluteMinimumAge>0d</ns2:absoluteMinimumAge>
        <ns2:earliestRecommendedAge>18y</ns2:earliestRecommendedAge>
        <ns2:doseVaccine>
            <ns2:preferred>true</ns2:preferred>
            <ns2:vaccine code="212" codeSystem="2.16.840.1.113883.12.292" codeSystemName="CVX" displayName="COVID-19, vector-nr, rS-Ad26, PF, Janssen"/>
        </ns2:doseVaccine>
    </ns2:iceSeriesDose>
    <ns2:iceSeriesDose>
        <ns2:doseNumber>2</ns2:doseNumber>
        <ns2:absoluteMinimumAge>0d</ns2:absoluteMinimumAge>
        <ns2:earliestRecommendedAge>18y</ns2:earliestRecommendedAge>
        <ns2:doseVaccine>
            <ns2:preferred>true</ns2:preferred>
            <ns2:vaccine code="229" codeSystem="2.16.840.1.113883.12.292" codeSystemName="CVX" displayName="COVID-19, mRNA, LNP-S, bivalent booster, PF, 50 mcg/0.5 mL or 25mcg/0.25 mL dose"/>
        </ns2:doseVaccine>
        <ns2:doseVaccine>
            <ns2:preferred>true</ns2:preferred>
            <ns2:vaccine code="300" codeSystem="2.16.840.1.113883.12.292" codeSystemName="CVX" displayName="COVID-19, mRNA, LNP-S, bivalent booster, PF, 30 mcg/0.3 mL dose"/>
        </ns2:doseVaccine>
    </ns2:iceSeriesDose>
</ns2:iceSeriesSpecificationFile>
