<?xml version="1.0" encoding="UTF-8" standalone="yes"?>
<ns2:iceSeriesSpecificationFile xmlns:ns2="org.cdsframework.util.support.data.ice.series">
    <ns2:seriesId>7539e68f34859b98fb13d73a421d6bb9</ns2:seriesId>
    <ns2:name>Influenza 2-Dose Series</ns2:name>
    <ns2:code>Influenza2DoseSeries</ns2:code>
    <ns2:cdsVersion>gov.nyc.cir^ICE^1.0.0</ns2:cdsVersion>
    <ns2:doseInterval>
        <ns2:fromDoseNumber>1</ns2:fromDoseNumber>
        <ns2:toDoseNumber>2</ns2:toDoseNumber>
        <ns2:absoluteMinimumInterval>24d</ns2:absoluteMinimumInterval>
        <ns2:minimumInterval>28d</ns2:minimumInterval>
        <ns2:earliestRecommendedInterval>28d</ns2:earliestRecommendedInterval>
    </ns2:doseInterval>
    <ns2:numberOfDosesInSeries>2</ns2:numberOfDosesInSeries>
    <ns2:vaccineGroup code="800" codeSystem="2.16.840.1.113883.3.795.12.100.1" codeSystemName="ICE Vaccine Group" displayName="Influenza"/>
    <ns2:iceSeriesDose>
        <ns2:doseNumber>1</ns2:doseNumber>
        <ns2:absoluteMinimumAge>6m - 4d</ns2:absoluteMinimumAge>
        <ns2:minimumAge>6m</ns2:minimumAge>
        <ns2:earliestRecommendedAge>6m</ns2:earliestRecommendedAge>
        <ns2:doseVaccine>
            <ns2:preferred>true</ns2:preferred>
            <ns2:vaccine code="151" codeSystem="2.16.840.1.113883.12.292" codeSystemName="CVX" displayName="influenza nasal, unspecified formulation"/>
        </ns2:doseVaccine>
        <ns2:doseVaccine>
            <ns2:preferred>true</ns2:preferred>
            <ns2:vaccine code="144" codeSystem="2.16.840.1.113883.12.292" codeSystemName="CVX" displayName="influenza, intradermal, preservative-free"/>
        </ns2:doseVaccine>
        <ns2:doseVaccine>
            <ns2:preferred>true</ns2:preferred>
            <ns2:vaccine code="149" codeSystem="2.16.840.1.113883.12.292" codeSystemName="CVX" displayName="influenza, live, intranasal, quadrivalent"/>
        </ns2:doseVaccine>
        <ns2:doseVaccine>
            <ns2:preferred>true</ns2:preferred>
            <ns2:vaccine code="88" codeSystem="2.16.840.1.113883.12.292" codeSystemName="CVX" displayName="influenza NOS"/>
        </ns2:doseVaccine>
        <ns2:doseVaccine>
            <ns2:preferred>true</ns2:preferred>
            <ns2:vaccine code="111" codeSystem="2.16.840.1.113883.12.292" codeSystemName="CVX" displayName="influenza, live, intranasal"/>
        </ns2:doseVaccine>
        <ns2:doseVaccine>
            <ns2:preferred>true</ns2:preferred>
            <ns2:vaccine code="155" codeSystem="2.16.840.1.113883.12.292" codeSystemName="CVX" displayName="influenza, recombinant, inj., preservative-free"/>
        </ns2:doseVaccine>
        <ns2:doseVaccine>
            <ns2:preferred>true</ns2:preferred>
            <ns2:vaccine code="15" codeSystem="2.16.840.1.113883.12.292" codeSystemName="CVX" displayName="influenza, split "/>
        </ns2:doseVaccine>
        <ns2:doseVaccine>
            <ns2:preferred>true</ns2:preferred>
            <ns2:vaccine code="141" codeSystem="2.16.840.1.113883.12.292" codeSystemName="CVX" displayName="influenza, injectable"/>
        </ns2:doseVaccine>
        <ns2:doseVaccine>
            <ns2:preferred>true</ns2:preferred>
            <ns2:vaccine code="153" codeSystem="2.16.840.1.113883.12.292" codeSystemName="CVX" displayName="Influenza, injectable, MDCK, (ccIIV3), trivalent, preservative free"/>
        </ns2:doseVaccine>
        <ns2:doseVaccine>
            <ns2:preferred>true</ns2:preferred>
            <ns2:vaccine code="16" codeSystem="2.16.840.1.113883.12.292" codeSystemName="CVX" displayName="influenza, whole"/>
        </ns2:doseVaccine>
        <ns2:doseVaccine>
            <ns2:preferred>true</ns2:preferred>
            <ns2:vaccine code="135" codeSystem="2.16.840.1.113883.12.292" codeSystemName="CVX" displayName="influenza, high dose "/>
        </ns2:doseVaccine>
        <ns2:doseVaccine>
            <ns2:preferred>true</ns2:preferred>
            <ns2:vaccine code="150" codeSystem="2.16.840.1.113883.12.292" codeSystemName="CVX" displayName="Influenza, injectable, quadrivalent (IIV4), preservative free"/>
        </ns2:doseVaccine>
        <ns2:doseVaccine>
            <ns2:preferred>true</ns2:preferred>
            <ns2:vaccine code="140" codeSystem="2.16.840.1.113883.12.292" codeSystemName="CVX" displayName="influenza, injectable, preservative-free"/>
        </ns2:doseVaccine>
        <ns2:doseVaccine>
            <ns2:preferred>true</ns2:preferred>
            <ns2:vaccine code="158" codeSystem="2.16.840.1.113883.12.292" codeSystemName="CVX" displayName="Influenza-IIV4, IM (&gt;3yrs)"/>
        </ns2:doseVaccine>
        <ns2:doseVaccine>
            <ns2:preferred>true</ns2:preferred>
            <ns2:vaccine code="161" codeSystem="2.16.840.1.113883.12.292" codeSystemName="CVX" displayName="Influenza, injectable, quadrivalent, preservative free, pediatric"/>
        </ns2:doseVaccine>        
        <ns2:doseVaccine>
            <ns2:preferred>true</ns2:preferred>
            <ns2:vaccine code="166" codeSystem="2.16.840.1.113883.12.292" codeSystemName="CVX" displayName="Influenza, intradermal, quadrivalent, preservative free, injectable"/>
        </ns2:doseVaccine>
        <ns2:doseVaccine>
            <ns2:preferred>true</ns2:preferred>
            <ns2:vaccine code="168" codeSystem="2.16.840.1.113883.12.292" codeSystemName="CVX" displayName="Seasonal trivalent influenza vaccine, adjuvanted, preservative free"/>
        </ns2:doseVaccine>
        <ns2:doseVaccine>
            <ns2:preferred>true</ns2:preferred>
            <ns2:vaccine code="171" codeSystem="2.16.840.1.113883.12.292" codeSystemName="CVX" displayName="Influenza, injectable, Madin Darby Canine Kidney, preservative free, quadrivalent"/>
        </ns2:doseVaccine>
        <ns2:doseVaccine>
            <ns2:preferred>true</ns2:preferred>
            <ns2:vaccine code="185" codeSystem="2.16.840.1.113883.12.292" codeSystemName="CVX" displayName="influenza, recombinant, quadrivalent,injectable, preservative free"/>
        </ns2:doseVaccine>
        <ns2:doseVaccine>
            <ns2:preferred>true</ns2:preferred>
            <ns2:vaccine code="186" codeSystem="2.16.840.1.113883.12.292" codeSystemName="CVX" displayName="Influenza, injectable, MDCK, quadrivalent"/>
        </ns2:doseVaccine>
        <ns2:doseVaccine>
            <ns2:vaccine code="194" codeSystem="2.16.840.1.113883.12.292" codeSystemName="CVX" displayName="Influenza, Southern Hemisphere, unspecified formulation"/>
        </ns2:doseVaccine>
        <ns2:doseVaccine>
            <ns2:preferred>true</ns2:preferred>
            <ns2:vaccine code="197" codeSystem="2.16.840.1.113883.12.292" codeSystemName="CVX" displayName="Influenza, high dose, quadrivalent"/>
        </ns2:doseVaccine>
        <ns2:doseVaccine>
            <ns2:vaccine code="200" codeSystem="2.16.840.1.113883.12.292" codeSystemName="CVX" displayName="Influenza, Southern Hemisphere, pediatric, preservative free"/>
        </ns2:doseVaccine>
        <ns2:doseVaccine>
            <ns2:vaccine code="201" codeSystem="2.16.840.1.113883.12.292" codeSystemName="CVX" displayName="Influenza, Southern Hemisphere, preservative free"/>
        </ns2:doseVaccine>
        <ns2:doseVaccine>
            <ns2:vaccine code="202" codeSystem="2.16.840.1.113883.12.292" codeSystemName="CVX" displayName="Influenza, Southern Hemisphere, quadrivalent, with preservative"/>
        </ns2:doseVaccine>
        <ns2:doseVaccine>
            <ns2:preferred>true</ns2:preferred>
            <ns2:vaccine code="205" codeSystem="2.16.840.1.113883.12.292" codeSystemName="CVX" displayName="Influenza, seasonal vaccine, quadrivalent, adjuvanted"/>
        </ns2:doseVaccine>
        <ns2:doseVaccine>
            <ns2:preferred>false</ns2:preferred>
            <ns2:vaccine code="231" codeSystem="2.16.840.1.113883.12.292" codeSystemName="CVX" displayName="influenza, Southern Hemisphere, high-dose, quadrivalent"/>
        </ns2:doseVaccine>
    </ns2:iceSeriesDose>
    <ns2:iceSeriesDose>
        <ns2:doseNumber>2</ns2:doseNumber>
        <ns2:doseVaccine>
            <ns2:preferred>true</ns2:preferred>
            <ns2:vaccine code="151" codeSystem="2.16.840.1.113883.12.292" codeSystemName="CVX" displayName="influenza nasal, unspecified formulation"/>
        </ns2:doseVaccine>
        <ns2:doseVaccine>
            <ns2:preferred>true</ns2:preferred>
            <ns2:vaccine code="144" codeSystem="2.16.840.1.113883.12.292" codeSystemName="CVX" displayName="influenza, intradermal, preservative-free"/>
        </ns2:doseVaccine>
        <ns2:doseVaccine>
            <ns2:preferred>true</ns2:preferred>
            <ns2:vaccine code="149" codeSystem="2.16.840.1.113883.12.292" codeSystemName="CVX" displayName="influenza, live, intranasal, quadrivalent"/>
        </ns2:doseVaccine>
        <ns2:doseVaccine>
            <ns2:preferred>true</ns2:preferred>
            <ns2:vaccine code="88" codeSystem="2.16.840.1.113883.12.292" codeSystemName="CVX" displayName="influenza NOS"/>
        </ns2:doseVaccine>
        <ns2:doseVaccine>
            <ns2:preferred>true</ns2:preferred>
            <ns2:vaccine code="111" codeSystem="2.16.840.1.113883.12.292" codeSystemName="CVX" displayName="influenza, live, intranasal"/>
        </ns2:doseVaccine>
        <ns2:doseVaccine>
            <ns2:preferred>true</ns2:preferred>
            <ns2:vaccine code="155" codeSystem="2.16.840.1.113883.12.292" codeSystemName="CVX" displayName="influenza, recombinant, inj., preservative-free"/>
        </ns2:doseVaccine>
        <ns2:doseVaccine>
            <ns2:preferred>true</ns2:preferred>
            <ns2:vaccine code="15" codeSystem="2.16.840.1.113883.12.292" codeSystemName="CVX" displayName="influenza, split "/>
        </ns2:doseVaccine>
        <ns2:doseVaccine>
            <ns2:preferred>true</ns2:preferred>
            <ns2:vaccine code="141" codeSystem="2.16.840.1.113883.12.292" codeSystemName="CVX" displayName="influenza, injectable"/>
        </ns2:doseVaccine>
        <ns2:doseVaccine>
            <ns2:preferred>true</ns2:preferred>
            <ns2:vaccine code="153" codeSystem="2.16.840.1.113883.12.292" codeSystemName="CVX" displayName="Influenza, injectable, MDCK, (ccIIV3), trivalent, preservative free"/>
        </ns2:doseVaccine>
        <ns2:doseVaccine>
            <ns2:preferred>true</ns2:preferred>
            <ns2:vaccine code="16" codeSystem="2.16.840.1.113883.12.292" codeSystemName="CVX" displayName="influenza, whole"/>
        </ns2:doseVaccine>
        <ns2:doseVaccine>
            <ns2:preferred>true</ns2:preferred>
            <ns2:vaccine code="135" codeSystem="2.16.840.1.113883.12.292" codeSystemName="CVX" displayName="influenza, high dose "/>
        </ns2:doseVaccine>
        <ns2:doseVaccine>
            <ns2:preferred>true</ns2:preferred>
            <ns2:vaccine code="150" codeSystem="2.16.840.1.113883.12.292" codeSystemName="CVX" displayName="Influenza, injectable, quadrivalent (IIV4), preservative free"/>
        </ns2:doseVaccine>
        <ns2:doseVaccine>
            <ns2:preferred>true</ns2:preferred>
            <ns2:vaccine code="140" codeSystem="2.16.840.1.113883.12.292" codeSystemName="CVX" displayName="influenza, injectable, preservative-free"/>
        </ns2:doseVaccine>
        <ns2:doseVaccine>
            <ns2:preferred>true</ns2:preferred>
            <ns2:vaccine code="158" codeSystem="2.16.840.1.113883.12.292" codeSystemName="CVX" displayName="Influenza-IIV4, IM (&gt;3yrs)"/>
        </ns2:doseVaccine>
        <ns2:doseVaccine>
            <ns2:preferred>true</ns2:preferred>
            <ns2:vaccine code="161" codeSystem="2.16.840.1.113883.12.292" codeSystemName="CVX" displayName="Influenza, injectable, quadrivalent, preservative free, pediatric"/>
        </ns2:doseVaccine>        
        <ns2:doseVaccine>
            <ns2:preferred>true</ns2:preferred>
            <ns2:vaccine code="166" codeSystem="2.16.840.1.113883.12.292" codeSystemName="CVX" displayName="Influenza, intradermal, quadrivalent, preservative free, injectable"/>
        </ns2:doseVaccine>
        <ns2:doseVaccine>
            <ns2:preferred>true</ns2:preferred>
            <ns2:vaccine code="168" codeSystem="2.16.840.1.113883.12.292" codeSystemName="CVX" displayName="Seasonal trivalent influenza vaccine, adjuvanted, preservative free"/>
        </ns2:doseVaccine>
        <ns2:doseVaccine>
            <ns2:preferred>true</ns2:preferred>
            <ns2:vaccine code="171" codeSystem="2.16.840.1.113883.12.292" codeSystemName="CVX" displayName="Influenza, injectable, Madin Darby Canine Kidney, preservative free, quadrivalent"/>
        </ns2:doseVaccine>
        <ns2:doseVaccine>
            <ns2:preferred>true</ns2:preferred>
            <ns2:vaccine code="185" codeSystem="2.16.840.1.113883.12.292" codeSystemName="CVX" displayName="influenza, recombinant, quadrivalent,injectable, preservative free"/>
        </ns2:doseVaccine>
        <ns2:doseVaccine>
            <ns2:preferred>true</ns2:preferred>
            <ns2:vaccine code="186" codeSystem="2.16.840.1.113883.12.292" codeSystemName="CVX" displayName="Influenza, injectable, MDCK, quadrivalent"/>
        </ns2:doseVaccine>
        <ns2:doseVaccine>
            <ns2:vaccine code="194" codeSystem="2.16.840.1.113883.12.292" codeSystemName="CVX" displayName="Influenza, Southern Hemisphere, unspecified formulation"/>
        </ns2:doseVaccine>
        <ns2:doseVaccine>
            <ns2:preferred>true</ns2:preferred>
            <ns2:vaccine code="197" codeSystem="2.16.840.1.113883.12.292" codeSystemName="CVX" displayName="Influenza, high dose, quadrivalent"/>
        </ns2:doseVaccine>
        <ns2:doseVaccine>
            <ns2:vaccine code="200" codeSystem="2.16.840.1.113883.12.292" codeSystemName="CVX" displayName="Influenza, Southern Hemisphere, pediatric, preservative free"/>
        </ns2:doseVaccine>
        <ns2:doseVaccine>
            <ns2:vaccine code="201" codeSystem="2.16.840.1.113883.12.292" codeSystemName="CVX" displayName="Influenza, Southern Hemisphere, preservative free"/>
        </ns2:doseVaccine>
        <ns2:doseVaccine>
            <ns2:vaccine code="202" codeSystem="2.16.840.1.113883.12.292" codeSystemName="CVX" displayName="Influenza, Southern Hemisphere, quadrivalent, with preservative"/>
        </ns2:doseVaccine>
        <ns2:doseVaccine>
            <ns2:preferred>true</ns2:preferred>
            <ns2:vaccine code="205" codeSystem="2.16.840.1.113883.12.292" codeSystemName="CVX" displayName="Influenza, seasonal vaccine, quadrivalent, adjuvanted"/>
        </ns2:doseVaccine>
        <ns2:doseVaccine>
            <ns2:preferred>false</ns2:preferred>
            <ns2:vaccine code="231" codeSystem="2.16.840.1.113883.12.292" codeSystemName="CVX" displayName="influenza, Southern Hemisphere, high-dose, quadrivalent"/>
        </ns2:doseVaccine>
    </ns2:iceSeriesDose>
    <ns2:seasonCode>20122013InfluenzaSeason</ns2:seasonCode>
    <ns2:seasonCode>20132014InfluenzaSeason</ns2:seasonCode>
    <ns2:seasonCode>20142015InfluenzaSeason</ns2:seasonCode>
	<ns2:seasonCode>20152016InfluenzaSeason</ns2:seasonCode>
	</ns2:iceSeriesSpecificationFile>
